공정번호,공정명,공정설명(기능),,,
10,자재입고,입고된 원자재를 검수하여 지정된 창고로 입고,,,
20,수입검사,원부자재 샘플링 수입검사,,,
11,가온,정련공정의 가공성 향상을 위한 천연/합성고무 가온,,,
30,정련,"고무,카본블랙,오일,화학약품을 믹싱하고, 가류제를 혼련하여 FM고무를 제조",,,
31,MB Mixing,"컴파운드 목적에 맞는 마스터배치 생산을 위한 천연고무, 합성고무, 카본블랙/실리카, 오일, 화학약품류의 혼련",,,
32,FB Mixing,각 반제품의 성능에 맞는 파이널배치 생산을 위한 마스터배치 및 기타 가류제의 혼련,,,
33,MILL CON검사,고무 컴파운드(Compound)의 외관·균질성·이물 여부를 확인하는 검사 공정,,,
40,압출,"FM고무를 압출하여 TREAD, SIDE를 제조 한다",,,
41,압출 (TREAD),압출 패키지 형상을 제작하기 위한 컴파운드 압출,,,
42,압출 (Side Wall),압출 패키지 형상을 제작하기 위한 컴파운드 압출,,,
50,압연,"스틸코드, 패브릭 코드에 고무를 코딩하여 반제품을 제조",,,
51,크릴룸 (Creel Room),Creel Room은 강코드(steel cord) 스풀을 배열하고 균일한 장력을 유지하며 캘랜더(calender)로 공급함,,,
52,압연 스틸코드,스틸벨트용 원단 제작을 위해 스틸와이어에 컴파운드를 토핑,,,
53,압연 패브릭코드,바디플라이/캡플라이용 원단을 제작하기 위한 텍스타일/나일론 원단에 해당 컴파운드를 토핑,,,
54,압연 이너라이너,이너라이너 제작을 위한 부틸 컴파운드 압연,,,
60,비드,비드와이어에 필러를 부착하여 비드 패키지 제작,,,
61,비드와이어,타이어 비드용 강선으로 성형·권취하는 공정.,,,
62,비드필러,비드코어 주위에 고무 필러를 압출·성형해 강도·주행안정성을 높이는 공정.,,,
63,SWI 부착,사이드 인써트를 부작하는 공정,,,
70,재단,"스틸벨트용 원단을 정해진 치수에 맞게 재단하여 스틸벨트 제작 (엣지부, 보강 테이프 부착)",,,
71,SB Cutting,브레이커 플라이(Breaker Ply) 원단을 규격 길이로 절단해 성형공정에 투입하는 준비 공정.,,,
72,BP Cutting,나일론(캡플라이용) 원단을 정해진 치수에 맞게 재단하여 캡플라이 제작,,,
73,Capply,각 공정별 반제품을 사용하여 정해진 치수 및 순서에 맞게 조립하여 그린타이어 제작,,,
74,재단(테이프슬리터),재단 테이프 슬리터를 제작하는 공정,,,
75,재단(SWI 커터),재단 시이이트 인써트른 제작 하는 공정,,,
80,성형,그린타이어를 정해진 금형으로 가류하여 정해진 치수 및 성능의 완제품 타이어 제작 (화학적 결합 포함),,,
81,Green Tire Inside Paint,Green Tire Inside Paint를 도포하는 공정,,,
90,가류,Green Tire 가류기에 장창하여 완제품 형성상 제조하는 공정,,,
91,금형(Mold),가류 금형의 부식/손상/변형 최소화,,,
100,완제품검사(Inpection),완제품 타이어를 규격·내구·고속 등 품질기준에 따라 정기적으로 시험·평가하는 공정.,,,
110,흡음고정,타이어 내부에 흠음제를 고정하는 공정,,,
111,실란트,타이어 내부에 실란트를 도포하는 공정,,,
120,정기시험,"타이어의 정기시험 항목을 테스트,검사하는 공정",,,
,,,,,
,,,,,
,,,,,
,,,,,
,,,,,
공정명,공정번호,공정명,공정설명(기능),,
10 자재입고,10,자재입고,입고된 원자재를 검수하여 지정된 창고로 입고,,
20 수입검사,20,수입검사,원부자재 샘플링 수입검사,,
11 가온,11,가온,정련공정의 가공성 향상을 위한 천연/합성고무 가온,,
30 정련,30,정련,"고무,카본블랙,오일,화학약품을 믹싱하고, 가류제를 혼련하여 FM고무를 제조",,
31 MB Mixing,31,MB Mixing,"컴파운드 목적에 맞는 마스터배치 생산을 위한 천연고무, 합성고무, 카본블랙/실리카, 오일, 화학약품류의 혼련",,
32 FB Mixing,32,FB Mixing,각 반제품의 성능에 맞는 파이널배치 생산을 위한 마스터배치 및 기타 가류제의 혼련,,
33 MILL CON검사,33,MILL CON검사,고무 컴파운드(Compound)의 외관·균질성·이물 여부를 확인하는 검사 공정,,
40 압출,40,압출,"FM고무를 압출하여 TREAD, SIDE를 제조 한다",,
41 압출 (TREAD),41,압출 (TREAD),압출 패키지 형상을 제작하기 위한 컴파운드 압출,,
42 압출 (Side Wall),42,압출 (Side Wall),압출 패키지 형상을 제작하기 위한 컴파운드 압출,,
50 압연,50,압연,"스틸코드, 패브릭 코드에 고무를 코딩하여 반제품을 제조",,
51 크릴룸 (Creel Room),51,크릴룸 (Creel Room),Creel Room은 강코드(steel cord) 스풀을 배열하고 균일한 장력을 유지하며 캘랜더(calender)로 공급함,,
52 압연 스틸코드,52,압연 스틸코드,스틸벨트용 원단 제작을 위해 스틸와이어에 컴파운드를 토핑,,
53 압연 패브릭코드,53,압연 패브릭코드,바디플라이/캡플라이용 원단을 제작하기 위한 텍스타일/나일론 원단에 해당 컴파운드를 토핑,,
54 압연 이너라이너,54,압연 이너라이너,이너라이너 제작을 위한 부틸 컴파운드 압연,,
60 비드,60,비드,비드와이어에 필러를 부착하여 비드 패키지 제작,,
61 비드와이어,61,비드와이어,타이어 비드용 강선으로 성형·권취하는 공정.,,
62 비드필러,62,비드필러,비드코어 주위에 고무 필러를 압출·성형해 강도·주행안정성을 높이는 공정.,,
63 SWI 부착,63,SWI 부착,사이드 인써트를 부작하는 공정,,
70 재단,70,재단,"스틸벨트용 원단을 정해진 치수에 맞게 재단하여 스틸벨트 제작 (엣지부, 보강 테이프 부착)",,
71 SB Cutting,71,SB Cutting,브레이커 플라이(Breaker Ply) 원단을 규격 길이로 절단해 성형공정에 투입하는 준비 공정.,,
72 BP Cutting,72,BP Cutting,나일론(캡플라이용) 원단을 정해진 치수에 맞게 재단하여 캡플라이 제작,,
73 Capply,73,Capply,각 공정별 반제품을 사용하여 정해진 치수 및 순서에 맞게 조립하여 그린타이어 제작,,
74 재단(테이프슬리터),74,재단(테이프슬리터),재단 테이프 슬리터를 제작하는 공정,,
75 재단(SWI 커터),75,재단(SWI 커터),재단 시이이트 인써트른 제작 하는 공정,,
80 성형,80,성형,그린타이어를 정해진 금형으로 가류하여 정해진 치수 및 성능의 완제품 타이어 제작 (화학적 결합 포함),,
81 Green Tire Inside Paint,81,Green Tire Inside Paint,Green Tire Inside Paint를 도포하는 공정,,
90 가류,90,가류,Green Tire 가류기에 장창하여 완제품 형성상 제조하는 공정,,
91 금형(Mold),91,금형(Mold),가류 금형의 부식/손상/변형 최소화,,
100 완제품검사(Inpection),100,완제품검사(Inpection),완제품 타이어를 규격·내구·고속 등 품질기준에 따라 정기적으로 시험·평가하는 공정.,,
110 흡음고정,110,흡음고정,타이어 내부에 흠음제를 고정하는 공정,,
111 실란트,111,실란트,타이어 내부에 실란트를 도포하는 공정,,
120 정기시험,120,정기시험,"타이어의 정기시험 항목을 테스트,검사하는 공정",,
,,,,,
공정기능,공정번호,공정명,공정설명(기능),,
10입고된 원자재를 검수하여 지정된 창고로 입고,10,자재입고,입고된 원자재를 검수하여 지정된 창고로 입고,,
20원부자재 샘플링 수입검사,20,수입검사,원부자재 샘플링 수입검사,,
11정련공정의 가공성 향상을 위한 천연/합성고무 가온,11,가온,정련공정의 가공성 향상을 위한 천연/합성고무 가온,,
"30고무,카본블랙,오일,화학약품을 믹싱하고, 가류제를 혼련하여 FM고무를 제조",30,정련,"고무,카본블랙,오일,화학약품을 믹싱하고, 가류제를 혼련하여 FM고무를 제조",,
"31컴파운드 목적에 맞는 마스터배치 생산을 위한 천연고무, 합성고무, 카본블랙/실리카, 오일, 화학약품류의 혼련",31,MB Mixing,"컴파운드 목적에 맞는 마스터배치 생산을 위한 천연고무, 합성고무, 카본블랙/실리카, 오일, 화학약품류의 혼련",,
32각 반제품의 성능에 맞는 파이널배치 생산을 위한 마스터배치 및 기타 가류제의 혼련,32,FB Mixing,각 반제품의 성능에 맞는 파이널배치 생산을 위한 마스터배치 및 기타 가류제의 혼련,,
33고무 컴파운드(Compound)의 외관·균질성·이물 여부를 확인하는 검사 공정,33,MILL CON검사,고무 컴파운드(Compound)의 외관·균질성·이물 여부를 확인하는 검사 공정,,
"40FM고무를 압출하여 TREAD, SIDE를 제조 한다",40,압출,"FM고무를 압출하여 TREAD, SIDE를 제조 한다",,
41압출 패키지 형상을 제작하기 위한 컴파운드 압출,41,압출 (TREAD),압출 패키지 형상을 제작하기 위한 컴파운드 압출,,
42압출 패키지 형상을 제작하기 위한 컴파운드 압출,42,압출 (Side Wall),압출 패키지 형상을 제작하기 위한 컴파운드 압출,,
"50스틸코드, 패브릭 코드에 고무를 코딩하여 반제품을 제조",50,압연,"스틸코드, 패브릭 코드에 고무를 코딩하여 반제품을 제조",,
51Creel Room은 강코드(steel cord) 스풀을 배열하고 균일한 장력을 유지하며 캘랜더(calender)로 공급함,51,크릴룸 (Creel Room),Creel Room은 강코드(steel cord) 스풀을 배열하고 균일한 장력을 유지하며 캘랜더(calender)로 공급함,,
52스틸벨트용 원단 제작을 위해 스틸와이어에 컴파운드를 토핑,52,압연 스틸코드,스틸벨트용 원단 제작을 위해 스틸와이어에 컴파운드를 토핑,,
53바디플라이/캡플라이용 원단을 제작하기 위한 텍스타일/나일론 원단에 해당 컴파운드를 토핑,53,압연 패브릭코드,바디플라이/캡플라이용 원단을 제작하기 위한 텍스타일/나일론 원단에 해당 컴파운드를 토핑,,
54이너라이너 제작을 위한 부틸 컴파운드 압연,54,압연 이너라이너,이너라이너 제작을 위한 부틸 컴파운드 압연,,
60비드와이어에 필러를 부착하여 비드 패키지 제작,60,비드,비드와이어에 필러를 부착하여 비드 패키지 제작,,
61타이어 비드용 강선으로 성형·권취하는 공정.,61,비드와이어,타이어 비드용 강선으로 성형·권취하는 공정.,,
62비드코어 주위에 고무 필러를 압출·성형해 강도·주행안정성을 높이는 공정.,62,비드필러,비드코어 주위에 고무 필러를 압출·성형해 강도·주행안정성을 높이는 공정.,,
63사이드 인써트를 부작하는 공정,63,SWI 부착,사이드 인써트를 부작하는 공정,,
"70스틸벨트용 원단을 정해진 치수에 맞게 재단하여 스틸벨트 제작 (엣지부, 보강 테이프 부착)",70,재단,"스틸벨트용 원단을 정해진 치수에 맞게 재단하여 스틸벨트 제작 (엣지부, 보강 테이프 부착)",,
71브레이커 플라이(Breaker Ply) 원단을 규격 길이로 절단해 성형공정에 투입하는 준비 공정.,71,SB Cutting,브레이커 플라이(Breaker Ply) 원단을 규격 길이로 절단해 성형공정에 투입하는 준비 공정.,,
72나일론(캡플라이용) 원단을 정해진 치수에 맞게 재단하여 캡플라이 제작,72,BP Cutting,나일론(캡플라이용) 원단을 정해진 치수에 맞게 재단하여 캡플라이 제작,,
73각 공정별 반제품을 사용하여 정해진 치수 및 순서에 맞게 조립하여 그린타이어 제작,73,Capply,각 공정별 반제품을 사용하여 정해진 치수 및 순서에 맞게 조립하여 그린타이어 제작,,
74재단 테이프 슬리터를 제작하는 공정,74,재단(테이프슬리터),재단 테이프 슬리터를 제작하는 공정,,
75재단 시이이트 인써트른 제작 하는 공정,75,재단(SWI 커터),재단 시이이트 인써트른 제작 하는 공정,,
80그린타이어를 정해진 금형으로 가류하여 정해진 치수 및 성능의 완제품 타이어 제작 (화학적 결합 포함),80,성형,그린타이어를 정해진 금형으로 가류하여 정해진 치수 및 성능의 완제품 타이어 제작 (화학적 결합 포함),,
81Green Tire Inside Paint를 도포하는 공정,81,Green Tire Inside Paint,Green Tire Inside Paint를 도포하는 공정,,
90Green Tire 가류기에 장창하여 완제품 형성상 제조하는 공정,90,가류,Green Tire 가류기에 장창하여 완제품 형성상 제조하는 공정,,
91가류 금형의 부식/손상/변형 최소화,91,금형(Mold),가류 금형의 부식/손상/변형 최소화,,
100완제품 타이어를 규격·내구·고속 등 품질기준에 따라 정기적으로 시험·평가하는 공정.,100,완제품검사(Inpection),완제품 타이어를 규격·내구·고속 등 품질기준에 따라 정기적으로 시험·평가하는 공정.,,
110타이어 내부에 흠음제를 고정하는 공정,110,흡음고정,타이어 내부에 흠음제를 고정하는 공정,,
111타이어 내부에 실란트를 도포하는 공정,111,실란트,타이어 내부에 실란트를 도포하는 공정,,
"120타이어의 정기시험 항목을 테스트,검사하는 공정",120,정기시험,"타이어의 정기시험 항목을 테스트,검사하는 공정",,
,,,,,
,,,,,
작업요소,공정번호,공정명,설비명/사람,,
00셋업 엔지니어,00,공통,셋업 엔지니어,,
00작업자,00,공통,작업자,,
00운반원,00,공통,운반원,,
00보전원,00,공통,보전원,,
00검사원,00,공통,검사원,,
10지게차,10,자재입고,지게차,,
10자동창고,10,자재입고,자동창고,,
10수동창고,10,자재입고,수동창고,,
10원자재사일로,10,자재입고,원자재사일로,,
10오일 탱크,10,자재입고,오일 탱크,,
11가온실,11,가온,가온실,,
20MOONEY VISCOMETER,20,수입검사,MOONEY VISCOMETER,,
20DBP ABSORPMETER,20,수입검사,DBP ABSORPMETER,,
20인장시험기,20,수입검사,인장시험기,,
30혼련설비,30,정련,혼련설비,,
30POWDER 계량 저울,30,정련,POWDER 계량 저울,,
30오일 계량 저울,30,정련,오일 계량 저울,,
30카본블랙/실리카 계량 저울,30,정련,카본블랙/실리카 계량 저울,,
30천연/합성 고무 계량,30,정련,천연/합성 고무 계량,,
31MB 믹서,31,MB Mixing,MB 믹서,,
32FB 믹서,32,FB Mixing,FB 믹서,,
33MILL CON검사기,33,MILL CON검사기,MILL CON검사기,,
40압출기,40,압출,압출기,,
41TREAD 압출기,41,압출 (TREAD),TREAD 압출기,,
41구금,41,압출 (TREAD),구금,,
41드레드 보빈,41,압출 (TREAD),드레드 보빈,,
41드레트 북커,41,압출 (TREAD),드레트 북커,,
41온라인 스캐너,41,압출 (TREAD),온라인 스캐너,,
41자동창고,41,압출 (TREAD),자동창고,,
42Side 압출기,42,압출 (Side Wall),Side 압출기,,
42Side 구금,42,압출 (Side Wall),Side 구금,,
42side 보빈,42,압출 (Side Wall),side 보빈,,
42라이너,42,압출 (Side Wall),라이너,,
42온라인 스캐너,42,압출 (Side Wall),온라인 스캐너,,
42자동창고,42,압출 (Side Wall),자동창고,,
50압연기,50,압연,압연기,,
51클릴룸,51,크릴룸 (Creel Room),클릴룸,,
51온도,51,크릴룸 (Creel Room),온도,,
51습도,51,크릴룸 (Creel Room),습도,,
52스틸 카렌더 (Steel Calender),52,압연 스틸코드,스틸 카렌더 (Steel Calender),,
52두께 자동측정기,52,압연 스틸코드,두께 자동측정기,,
52폭 자동측정기,52,압연 스틸코드,폭 자동측정기,,
52자동창고,52,압연 스틸코드,자동창고,,
53텍스타일 카렌더 (Textile Calender),53,압연 패브릭코드,텍스타일 카렌더 (Textile Calender),,
53라이너,53,압연 패브릭코드,라이너,,
53두께 자동측정기,53,압연 패브릭코드,두께 자동측정기,,
53폭 자동측정기,53,압연 패브릭코드,폭 자동측정기,,
53자동창고,53,압연 패브릭코드,자동창고,,
54이너라이너 카렌더 (IL Calender),54,압연 이너라이너,이너라이너 카렌더 (IL Calender),,
54두께 자동측정기,54,압연 이너라이너,두께 자동측정기,,
54폭 자동측정기,54,압연 이너라이너,폭 자동측정기,,
54라이너,54,압연 이너라이너,라이너,,
54자동창고,54,압연 이너라이너,자동창고,,
60비드 M/C (Bead M/C),60,비드,비드 M/C (Bead M/C),,
61비드그로멧 M/C (Bead Grommet M/C),61,비드와이어,비드그로멧 M/C (Bead Grommet M/C),,
61원주/중량 측정기,61,비드와이어,원주/중량 측정기,,
61폭/두께 측정기,61,비드와이어,폭/두께 측정기,,
62필러피팅 M/C (Filler Fitting M/C),62,비드필러,필러피팅 M/C (Filler Fitting M/C),,
63SWI 커터,63,SWI 부착,SWI 커터,,
70필러피팅 M/C (Filler Fitting M/C),70,재단,필러피팅 M/C (Filler Fitting M/C),,
71Metal Horizontal Bias Cutter (MHBC),71,SB Cutting,Metal Horizontal Bias Cutter (MHBC),,
712WAY CUTTER,71,SB Cutting,2WAY CUTTER,,
71각도 측정기,71,SB Cutting,각도 측정기,,
71폭 측정기,71,SB Cutting,폭 측정기,,
71도그이어 측정기,71,SB Cutting,도그이어 측정기,,
71미 토핑 카메라,71,SB Cutting,미 토핑 카메라,,
71라이너,71,SB Cutting,라이너,,
71자동창고,71,SB Cutting,자동창고,,
72Horizontal Bias Cutter (HBC),72,BP Cutting,Horizontal Bias Cutter (HBC),,
72폭 측정기,72,BP Cutting,폭 측정기,,
72도그이어 측정기,72,BP Cutting,도그이어 측정기,,
72미 토핑 카메라,72,BP Cutting,미 토핑 카메라,,
72라이너,72,BP Cutting,라이너,,
72조인트 카메라,72,BP Cutting,조인트 카메라,,
72자동 창고,72,BP Cutting,자동 창고,,
73와이드 슬리터,73,Capply,와이드 슬리터,,
73라이너,73,Capply,라이너,,
73Mini Slitter,73,Capply,Mini Slitter,,
73폭 측정기,73,Capply,폭 측정기,,
73장력 측정기,73,Capply,장력 측정기,,
73자동창고,73,Capply,자동창고,,
73보빈,73,Capply,보빈,,
74데이프 슬리터,74,재단(테이프슬리터),데이프 슬리터,,
75SWI 커터,75,재단(SWI 커터),SWI 커터,,
80카카스 드럼,80,성형,카카스 드럼,,
80벨트 드럼,80,성형,벨트 드럼,,
80레이저 가이드,80,성형,레이저 가이드,,
80길이 측정기,80,성형,길이 측정기,,
80컷팅 나이프,80,성형,컷팅 나이프,,
80전폭 측정기,80,성형,전폭 측정기,,
80각도 측정기,80,성형,각도 측정기,,
80압력계,80,성형,압력계,,
80센터덱,80,성형,센터덱,,
80사이드링,80,성형,사이드링,,
80자동 중량 측정기,80,성형,자동 중량 측정기,,
81GIP M/C,81,Green Tire Inside Paint,GIP M/C,,
81자동창고,81,Green Tire Inside Paint,자동창고,,
90GIP Machine,90,가류,GIP Machine,,
90브라다,90,가류,브라다,,
90가류 프레스,90,가류,가류 프레스,,
90온도 측정기,90,가류,온도 측정기,,
90압력계,90,가류,압력계,,
90타이머,90,가류,타이머,,
90PCI,90,가류,PCI,,
91몰드,91,금형(Mold),몰드,,
100검사원,100,완제품검사(Inpection),검사원,,
100유니포미티 (Uniformity),100,완제품검사(Inpection),유니포미티 (Uniformity),,
100발란스 (Balance),100,완제품검사(Inpection),발란스 (Balance),,
100X-RAY M/C,100,완제품검사(Inpection),X-RAY M/C,,
110레이저 클리너,110,실란트,레이저 클리너,,
110레이저 클리너,110,흡음고정,레이저 클리너,,
110도포 장치,110,흡음고정,도포 장치,,
110부착 장치,110,흡음고정,부착 장치,,
"110 비전 검사기(센터링,갭)",110,흡음고정," 비전 검사기(센터링,갭)",,
110중량 측정기,110,흡음고정,중량 측정기,,
111혼합기,111,실란트,혼합기,,
111가온 챔버,111,실란트,가온 챔버,,
111도포 장치,111,실란트,도포 장치,,
111중량 측정기,111,실란트,중량 측정기,,
120정기시험기,120,정기시험,정기시험기,,
,,,,,
부품명,공정번호,공정명,부품명,,
10 천연고무,10,자재입고,천연고무,,
10 합성고무,10,자재입고,합성고무,,
10 파우더,10,자재입고,파우더,,
10 STEEL CORD,10,자재입고,STEEL CORD,,
10 FABRIC CORD,10,자재입고,FABRIC CORD,,
11 합성고무,11,가온,합성고무,,
20 천연고무,20,수입검사,천연고무,,
20 합성고무,20,수입검사,합성고무,,
20 파우더,20,수입검사,파우더,,
20 STEEL CORD,20,수입검사,STEEL CORD,,
20 FABRIC CORD,20,수입검사,FABRIC CORD,,
20 설비자재,20,수입검사,설비자재,,
20 Mold,20,수입검사,Mold,,
30 파이널 배치,30,정련,파이널 배치,,
31 정련 (마스터배치),31,MB Mixing,정련 (마스터배치),,
32 정련 (파이널배치),32,FB Mixing,정련 (파이널배치),,
33 FB,33,MILL CON검사,FB,,
41 압출 (트레드),41,압출 (TREAD),압출 (트레드),,
42 압출 (사이드월),42,압출 (Side Wall),압출 (사이드월),,
50 압연물,50,압연,압연물,,
51 STEEL CORD,51,크릴룸 (Creel Room),STEEL CORD,,
52 압연 (스틸벨트),52,압연 스틸코드,압연 (스틸벨트),,
53 Body Ply,53,압연 패브릭코드,Body Ply,,
54 압연 (이너라이너),54,압연 이너라이너,압연 (이너라이너),,
54 압연 (테이프류),54,압연 이너라이너,압연 (테이프류),,
60 비드 A'SSY,60,비드,비드 A'SSY,,
61 비드 (비드와이어),61,비드와이어,비드 (비드와이어),,
62 비드 (비드 패키지/필러 조립),62,비드필러,비드 (비드 패키지/필러 조립),,
70 재단반제품,70,재단,재단반제품,,
71 재단 (바디플라이),71,SB Cutting,재단 (바디플라이),,
72 재단 (스틸벨트),72,BP Cutting,재단 (스틸벨트),,
73 재단 (캡플라이),73,Capply,재단 (캡플라이),,
74 테이프,74,재단(테이프슬리터),테이프,,
75 SWI,75,재단(SWI 커터),SWI,,
80 Geen Tire,80,성형,Geen Tire,,
90 Tire 완제품,90,가류,Tire 완제품,,
91 Tire 완제품,91,Green Tire Inside Paint,Tire 완제품,,
92 Tire 완제품,92,가류/금형,Tire 완제품,,
100 Tire 완제품,100,검사,Tire 완제품,,
110 Tire 완제품,110,정기시험,Tire 완제품,,
111 흡음제,111,흠음공정,흡음제,,
120 Tire 완제품,120,정기시험,Tire 완제품,,
,,,,,
제품특성,공정번호,공정명,부품명,제품특성,
10이물질 ,10,자재입고,원부자재,이물질 ,
10보관상태,10,자재입고,원부자재,보관상태,
10유효기간,10,자재입고,원부자재,유효기간,
11가온온도,11,가온실,천연고무,가온온도,
11가온온도,11,가온실,합성고무,가온온도,
11보관기간,11,가온실,천연고무,보관기간,
11보관기간,11,가온실,합성고무,보관기간,
20Appearance,20,수입검사,천연고무,Appearance,
20Ash Content,20,수입검사,천연고무,Ash Content,
20Dirt Content,20,수입검사,천연고무,Dirt Content,
20Volatile Matter (NR),20,수입검사,천연고무,Volatile Matter (NR),
20Plasticity Original (PO),20,수입검사,천연고무,Plasticity Original (PO),
20PRI,20,수입검사,천연고무,PRI,
20Mooney Viscosity,20,수입검사,합성고무,Mooney Viscosity,
20Mooney Viscosity,20,수입검사,재생고무,Mooney Viscosity,
20Sp. Gr.,20,수입검사,재생고무,Sp. Gr.,
20Grain test,20,수입검사,재생고무,Grain test,
20DBP Oil Adsorption Number,20,수입검사,카본블랙,DBP Oil Adsorption Number,
20Heating Loss (105℃×2hrs),20,수입검사,실리카,Heating Loss (105℃×2hrs),
20인장강도,20,수입검사,PET Cord,인장강도,
20절신,20,수입검사,PET Cord,절신,
20중신,20,수입검사,PET Cord,중신,
20접착력,20,수입검사,PET Cord,접착력,
20인장강도,20,수입검사,Nylon Cord,인장강도,
20중신,20,수입검사,Nylon Cord,중신,
20접착력,20,수입검사,Nylon Cord,접착력,
20인장강도,20,수입검사,스틸코드,인장강도,
20접착력,20,수입검사,스틸코드,접착력,
20절신,20,수입검사,스틸코드,절신,
20Rubber Coverage,20,수입검사,스틸코드,Rubber Coverage,
20인장강도,20,수입검사,비드와이어,인장강도,
20절신,20,수입검사,비드와이어,절신,
20접착력,20,수입검사,비드와이어,접착력,
20Torsion,20,수입검사,비드와이어,Torsion,
20화학약품 및 기타오일,20,수입검사,화학약품 및 오일,화학약품 및 기타오일,
31Mooney Viscosity,31,MB Mixing,MB,Mooney Viscosity,
31시트 외관,31,MB Mixing,MB,시트 외관,
31이물질 ,31,MB Mixing,MB,이물질 ,
32Mooney Viscosity,32,FB Mixing,FB,Mooney Viscosity,
32Scorch Time,32,FB Mixing,FB,Scorch Time,
32Rheometer,32,FB Mixing,FB,Rheometer,
32Specific Gravity,32,FB Mixing,FB,Specific Gravity,
32시트 외관,32,FB Mixing,FB,시트 외관,
32이물질 ,32,FB Mixing,FB,이물질 ,
33검사 정확도,33,MILL CON,검사정확도,검사 정확도,
41Tread 폭,41,압출 (TREAD),TREAD,Tread 폭,
41Tread 두께,41,압출 (TREAD),TREAD,Tread 두께,
41Tread 단면적,41,압출 (TREAD),TREAD,Tread 단면적,
41Tread 문자,41,압출 (TREAD),TREAD,Tread 문자,
41Tread 색선,41,압출 (TREAD),TREAD,Tread 색선,
41금속 이물질,41,압출 (TREAD),TREAD,금속 이물질,
41이물질,41,압출 (TREAD),TREAD,이물질,
42금속 이물질 ,42,압출 (Side Wall),Side Wall,금속 이물질 ,
42Side Wall 폭,42,압출 (Side Wall),Side Wall,Side Wall 폭,
42Side Wall 두께,42,압출 (Side Wall),Side Wall,Side Wall 두께,
42Side Wall 단면적,42,압출 (Side Wall),Side Wall,Side Wall 단면적,
42이물질 ,42,압출 (Side Wall),Side Wall,이물질 ,
51산화,51,크릴룸 (Creel Room),Cord,산화,
52Steel Cord 폭,52,압연(Steel Cord),Steel Cord,Steel Cord 폭,
52Steel Cord 두께,52,압연(Steel Cord),Steel Cord,Steel Cord 두께,
52Steel Cord 코팅상태,52,압연(Steel Cord),Steel Cord,Steel Cord 코팅상태,
52금속 이물,52,압연(Steel Cord),Steel Cord,금속 이물,
52접착력,52,압연(Steel Cord),Steel Cord,접착력,
53Fabric Cord 폭,53,압연(Fabric Cord),Fabric Cord,Fabric Cord 폭,
53Fabric Cord 두께,53,압연(Fabric Cord),Fabric Cord,Fabric Cord 두께,
53Fabric Cord 코팅상태,53,압연(Fabric Cord),Fabric Cord,Fabric Cord 코팅상태,
53금속 이물,53,압연(Fabric Cord),Fabric Cord,금속 이물,
54Inner 폭,54,압연 (Inner),압연 (Inner),Inner 폭,
54Inner 두께,54,압연 (Inner),압연 (Inner),Inner 두께,
54Inner 시팅 상태,54,압연 (Inner),압연 (Inner),Inner 시팅 상태,
54금속 이물,54,압연 (Inner),압연 (Inner),금속 이물,
60비드 스펙,60,비드,비드 A'SSY,비드 스펙,
61비드 원주,61,비드와이어,비드 (비드와이어),비드 원주,
61비드 폭,61,비드와이어,비드 (비드와이어),비드 폭,
61비드 높이,61,비드와이어,비드 (비드와이어),비드 높이,
61비드 무게,61,비드와이어,비드 (비드와이어),비드 무게,
62필러컴파운드 확인,62,비드필러,비드 (비드 패키지/필러 조립),필러컴파운드 확인,
62금속 이물,62,비드필러,비드 (비드 패키지/필러 조립),금속 이물,
62FILLER 높이,62,비드필러,비드 (비드 패키지/필러 조립),FILLER 높이,
62필러 무게,62,비드필러,비드 (비드 패키지/필러 조립),필러 무게,
62Filler dog ear,62,비드필러,비드 (비드 패키지/필러 조립),Filler dog ear,
71스틸벨트 원단확인,71,재단(SB Cutting),Steel  Belt,스틸벨트 원단확인,
71SB 재단 폭,71,재단(SB Cutting),Steel  Belt,SB 재단 폭,
71SB 각도,71,재단(SB Cutting),Steel  Belt,SB 각도,
71SB Dog-ear,71,재단(SB Cutting),Steel  Belt,SB Dog-ear,
71벨트엣지테이프폴딩 폭,71,재단(SB Cutting),Steel  Belt,벨트엣지테이프폴딩 폭,
72바디플라이 원단확인,72,재단(Body Ply),Body Ply,바디플라이 원단확인,
72BP 재단 폭,72,재단(Body Ply),Body Ply,BP 재단 폭,
72보강테이프 위치,72,재단(Body Ply),Body Ply,보강테이프 위치,
72보강테이프 폭,72,재단(Body Ply),Body Ply,보강테이프 폭,
72오버랩,72,재단(Body Ply),Body Ply,오버랩,
73캡플라이 원단,73,재단(Cap Ply),Cap Ply,캡플라이 원단,
73슬리팅 폭,73,재단(Cap Ply),Cap Ply,슬리팅 폭,
80Bead To Bead 폭,80,성형(Building),Green Tire,Bead To Bead 폭,
80PA (IL+SW) 폭,80,성형(Building),Green Tire,PA (IL+SW) 폭,
80Inner Liner 폭,80,성형(Building),Green Tire,Inner Liner 폭,
80Sidewall 폭,80,성형(Building),Green Tire,Sidewall 폭,
80G/T 바코드 부착,80,성형(Building),Green Tire,G/T 바코드 부착,
80BP전폭,80,성형(Building),Green Tire,BP전폭,
80SB 각도,80,성형(Building),Green Tire,SB 각도,
80Steel Belt 폭,80,성형(Building),Green Tire,Steel Belt 폭,
80캡플라이 와인딩 외측,80,성형(Building),Green Tire,캡플라이 와인딩 외측,
80트레드 전폭,80,성형(Building),Green Tire,트레드 전폭,
80트레드 조인트,80,성형(Building),Green Tire,트레드 조인트,
80G/T 중량,80,성형(Building),Green Tire,G/T 중량,
80G/T 원주,80,성형(Building),Green Tire,G/T 원주,
80트레드 조인트,80,성형(Building),Green Tire,트레드 조인트,
80PA 좌우 편차,80,성형(Building),Green Tire,PA 좌우 편차,
80트레드 반폭 좌우 편차,80,성형(Building),Green Tire,트레드 반폭 좌우 편차,
80 SB 좌우 편차,80,성형(Building),Green Tire, SB 좌우 편차,
80 BP 좌우 편차,80,성형(Building),Green Tire, BP 좌우 편차,
81GIP 분사상태,81,Green Tire Inside Paint,Green Tire,GIP 분사상태,
90몰드 문자,90,가류(Curing),완제품,몰드 문자,
90몰드 조립상태,90,가류(Curing),완제품,몰드 조립상태,
100완제품 외관검사,100,완제품 검사,완제품,완제품 외관검사,
100하중,100,완제품 검사,완제품,하중,
100공기압,100,완제품 검사,완제품,공기압,
100RFV,100,완제품 검사,완제품,RFV,
100LFV,100,완제품 검사,완제품,LFV,
100R1H,100,완제품 검사,완제품,R1H,
100R2H,100,완제품 검사,완제품,R2H,
100CONICITY,100,완제품 검사,완제품,CONICITY,
100TRRO,100,완제품 검사,완제품,TRRO,
100LRRO,100,완제품 검사,완제품,LRRO,
100DYNAMIC,100,완제품 검사,완제품,DYNAMIC,
100STATIC,100,완제품 검사,완제품,STATIC,
100TIRE 내부 이물,100,완제품 검사,완제품,TIRE 내부 이물,
100코드 갭,100,완제품 검사,완제품,코드 갭,
100SB 위치,100,완제품 검사,완제품,SB 위치,
100Tire Appearance,100,완제품 검사,완제품,Tire Appearance,
"120고속내구
FMVSS139 HSP",120,정기시험,완제품,"고속내구
FMVSS139 HSP",
"120일반내구
FMVSS139 END",120,정기시험,완제품,"일반내구
FMVSS139 END",
"120고속내구
ECE R30",120,정기시험,완제품,"고속내구
ECE R30",
120Bead Unseating,120,정기시험,완제품,Bead Unseating,
120Plunger Test,120,정기시험,완제품,Plunger Test,
"120고속트레드내구
ES",120,정기시험,완제품,"고속트레드내구
ES",
"120하중증가내구
ES",120,정기시험,완제품,"하중증가내구
ES",
"120ROLLING 
RESISTANCE",120,정기시험,완제품,"ROLLING 
RESISTANCE",
120Cornering Force,120,정기시험,완제품,Cornering Force,
"120PRAT
(PRCF)",120,정기시험,완제품,"PRAT
(PRCF)",
120Spring Rate,120,정기시험,완제품,Spring Rate,
"120CTL 측정
(완제품 Cut Sample)",120,정기시험,완제품,"CTL 측정
(완제품 Cut Sample)",
120캡트레드 점탄성,120,정기시험,완제품,캡트레드 점탄성,
120내오존성 성능,120,정기시험,완제품,내오존성 성능,
120전기저항,120,정기시험,완제품,전기저항,
120Air Leakage,120,정기시험,완제품,Air Leakage,
120Flat Spot,120,정기시험,완제품,Flat Spot,
120Pinch Cut,120,정기시험,완제품,Pinch Cut,
120Overall Diameter,120,정기시험,완제품,Overall Diameter,
120Section Width,120,정기시험,완제품,Section Width,
120Weight,120,정기시험,완제품,Weight,
120lead,120,정기시험,완제품,lead,
120Mercury,120,정기시험,완제품,Mercury,
120Cadmium,120,정기시험,완제품,Cadmium,
"120Chromium
VI",120,정기시험,완제품,"Chromium
VI",
120유해물질,120,정기시험,완제품,유해물질,
"90PCR 형상기준(뜯낌,착오,요철)",90,가류(Curing),완제품,"PCR 형상기준(뜯낌,착오,요철)",
"90PCR 외관기준(식출,롱토우,찍힘,굴곡)",90,가류(Curing),완제품,"PCR 외관기준(식출,롱토우,찍힘,굴곡)",
90PCR 외관기준,90,가류(Curing),완제품,PCR 외관기준,
"90PCR 외관기준(과가류,미가류)",90,가류(Curing),완제품,"PCR 외관기준(과가류,미가류)",
90Green Case 오염,90,가류(Curing),완제품,Green Case 오염,
90Green Case 오염,90,가류(Curing),완제품,Green Case 오염,
90Green Case 오염,90,가류(Curing),완제품,Green Case 오염,
90Green Case 오염,90,가류(Curing),완제품,Green Case 오염,
111미도포,111,실란트(영어),완제품,미도포,
112과도포,112,실란트(영어),완제품,과도포,
113이물질,113,실란트(영어),완제품,이물질,
114RPA,114,실란트(영어),완제품,RPA,
110부착력,110,흡음공정(영어),완제품,부착력,
110부작 위치,110,흡음공정(영어),완제품,부작 위치,
,,,,,
공정특성,공정번호,공정,공정특성,,
00설비 초기 조건 설정 정확도,00,공통,설비 초기 조건 설정 정확도,,
00표준작업방법 준수도,00,공통,표준작업방법 준수도,,
00자재 운반 경로 및 시간 준수,00,공통,자재 운반 경로 및 시간 준수,,
00설비 예방정비 이행도,00,공통,설비 예방정비 이행도,,
00검출력,00,공통,검출력,,
00온도,00,공통,온도,,
00습도,00,공통,습도,,
00이물질,00,공통,이물질,,
10포장 상태,10,자재입고,포장 상태,,
10온습도,10,자재입고,온습도,,
10ID카드 정확도(정보),10,자재입고,ID카드 정확도(정보),,
10원료 보관·가온 조건,10,자재입고,원료 보관·가온 조건,,
10시스템 출고·규격,10,자재입고,시스템 출고·규격,,
11보관온도,11,가온,보관온도,,
11보관 시간,11,가온,보관 시간,,
20시료 채취·판정 절차,20,수입검사,시료 채취·판정 절차,,
20검사조건·세팅·검교정,20,수입검사,검사조건·세팅·검교정,,
20검사설비·센서·공조기,20,수입검사,검사설비·센서·공조기,,
30저울 정확도,30,정련,저울 정확도,,
30자재이송·배관 공급상태,30,정련,자재이송·배관 공급상태,,
30오일 예열 온도,30,정련,오일 예열 온도,,
30믹싱조건(시간/RPM/온도),30,정련,믹싱조건(시간/RPM/온도),,
30Mixer·SPM,30,정련,Mixer·SPM,,
30시료채취·판정·검교정,30,정련,시료채취·판정·검교정,,
30자동샘플링 장치 정확도,30,정련,자동샘플링 장치 정확도,,
30컴파운드 숙성시간,30,정련,컴파운드 숙성시간,,
30믹싱 시간,30,MB Mixing,믹싱 시간,,
30믹싱 온도,30,MB Mixing,믹싱 온도,,
30로터 RPM,30,MB Mixing,로터 RPM,,
30Drop Time,30,MB Mixing,Drop Time,,
30Drop Temp,30,MB Mixing,Drop Temp,,
31적재조건,31,정련,적재조건,,
32믹싱 온도,32,FB Mixing,믹싱 온도,,
33믹싱 시간,33,FB Mixing,믹싱 시간,,
32로터 RPM,32,FB Mixing,로터 RPM,,
32Drop Time,32,FB Mixing,Drop Time,,
32Drop Temp,32,FB Mixing,Drop Temp,,
33검사기 정도관리,33,MILL CON,검사기 정도관리,,
34검사실 온도,34,MILL CON,검사실 온도,,
40관리기준,40,압출,관리기준,,
41ID카드·작업지침,41,압출 (TREAD),ID카드·작업지침,,
41이종 컴파운드 혼입 여부,41,압출 (TREAD),이종 컴파운드 혼입 여부,,
41컨베이어 속도,41,압출 (TREAD),컨베이어 속도,,
41금속 검출기 작동상태,41,압출 (TREAD),금속 검출기 작동상태,,
41마킹기 작동상태,41,압출 (TREAD),마킹기 작동상태,,
41색선기 작동상태,41,압출 (TREAD),색선기 작동상태,,
41호퍼 잔여물·청소,41,압출 (TREAD),호퍼 잔여물·청소,,
41예열온도,41,압출 (TREAD),예열온도,,
41다이 상태(장착·마모·손상),41,압출 (TREAD),다이 상태(장착·마모·손상),,
,41,압출 (TREAD),냉각수 Ph,,
41 냉각수 온도,41,압출 (TREAD),냉각수 온도,,
41 냉각수 순환장치 작동상태,41,압출 (TREAD),냉각수 순환장치 작동상태,,
41 라이너 오염,41,압출 (TREAD),라이너 오염,,
42 이종 컴파운드 혼입 여부,42,압출 (Side Wall),이종 컴파운드 혼입 여부,,
42 컨베이어 속도,42,압출 (Side Wall),컨베이어 속도,,
42 금속 검출기 작동상태,42,압출 (Side Wall),금속 검출기 작동상태,,
42 호퍼 잔여물·청소,42,압출 (Side Wall),호퍼 잔여물·청소,,
42 예열온도,42,압출 (Side Wall),예열온도,,
42 다이 상태(장착·마모·손상),42,압출 (Side Wall),다이 상태(장착·마모·손상),,
42 냉각수 Ph,42,압출 (Side Wall),냉각수 Ph,,
42 냉각수 온도,42,압출 (Side Wall),냉각수 온도,,
42 냉각수 순환장치 작동상태,42,압출 (Side Wall),냉각수 순환장치 작동상태,,
43 라이너 오염,43,압출 (Side Wall),라이너 오염,,
50 관리기준,50,압연,관리기준,,
51 온도,51,크릴룸 (Creel Room),온도,,
51 습도,51,크릴룸 (Creel Room),습도,,
51 크릴 스탠드 압력,51,크릴룸 (Creel Room),크릴 스탠드 압력,,
52 금속 탐지기,52,압연 스틸코드,금속 탐지기,,
52 온도,52,압연 스틸코드,온도,,
52 습도,52,압연 스틸코드,습도,,
52 냉각수 온도,52,압연 스틸코드,냉각수 온도,,
52 TCU 온도,52,압연 스틸코드,TCU 온도,,
"52 폭,두께 측정기 정확도",52,압연 스틸코드,"폭,두께 측정기 정확도",,
53 금속탐지기,53,압연 패브릭코드,금속탐지기,,
53 드라이어 드럼 온도,53,압연 패브릭코드,드라이어 드럼 온도,,
53 온도,53,압연 패브릭코드,온도,,
53 TCU 온도,53,압연 패브릭코드,TCU 온도,,
"53 폭,두께 측정기 정확도",53,압연 패브릭코드,"폭,두께 측정기 정확도",,
53 본체롤 온도,53,압연 이너라이너,본체롤 온도,,
53 금속탐지기,53,압연 이너라이너,금속탐지기,,
53 드라이어 드럼 온도,53,압연 이너라이너,드라이어 드럼 온도,,
"53 폭,두께 측정기 정확도",53,압연 이너라이너,"폭,두께 측정기 정확도",,
53 TCU 온도,53,압연 이너라이너,TCU 온도,,
60 관리기준,60,비드,관리기준,,
61 Let Off Break 압력,61,비드와이어,Let Off Break 압력,,
61 Beadwire Knife 교체,61,비드와이어,Beadwire Knife 교체,,
61 다이 마모·손상,61,비드와이어,다이 마모·손상,,
"61 원주,중량  측정기 정확도",61,비드와이어,"원주,중량  측정기 정확도",,
"61 폭,두께 측정기 정확도",61,비드와이어,"폭,두께 측정기 정확도",,
61 TCU·칠러·쿨링 조건,61,비드와이어,TCU·칠러·쿨링 조건,,
61 Cutter 나이프 마모,61,비드와이어,Cutter 나이프 마모,,
62 금속탐지기,62,비드필러,금속탐지기,,
62 FILLER 높이,62,비드필러,FILLER 높이,,
62 다이 마모·손상,62,비드필러,다이 마모·손상,,
62 Filler Knife 교체,62,비드필러,Filler Knife 교체,,
62 어플리케이터 각도·형상·롤,62,비드필러,어플리케이터 각도·형상·롤,,
62 로봇스테이션·누유,62,비드필러,로봇스테이션·누유,,
62 프로텍터 색상·손상,62,비드필러,프로텍터 색상·손상,,
63 Cutter 나이프 마모,63,비드필러,Cutter 나이프 마모,,
70 관리기준,70,재단,관리기준,,
71 Main Knife 교체,71,SB Cutting,Main Knife 교체,,
71 Two-way Knife 교체,71,SB Cutting,Two-way Knife 교체,,
71 미 토핑 감지,71,SB Cutting,미 토핑 감지,,
71 유효기간,71,SB Cutting,유효기간,,
71 선입선출,71,SB Cutting,선입선출,,
71 메인·슬리팅 나이프 마모,71,SB Cutting,메인·슬리팅 나이프 마모,,
71 스플라이서 마모,71,SB Cutting,스플라이서 마모,,
71 검엣지 센서 작동상태,71,SB Cutting,검엣지 센서 작동상태,,
71 컨베이어·센서(CPC 등),71,SB Cutting,컨베이어·센서(CPC 등),,
71 비전 카메라 작동상태,71,SB Cutting,비전 카메라 작동상태,,
71 라이너 오염,71,SB Cutting,라이너 오염,,
71 보빈 상태,71,SB Cutting,보빈 상태,,
72 개공률,72,BP Cutting,개공률,,
72 프리킹 롤 온도,72,BP Cutting,프리킹 롤 온도,,
72 Main Knife 교체,72,BP Cutting,Main Knife 교체,,
72 미 토핑 감지,72,BP Cutting,미 토핑 감지,,
72 유효기간,72,BP Cutting,유효기간,,
72 선입선출,72,BP Cutting,선입선출,,
72 메인·슬리팅 나이프 마모,72,BP Cutting,메인·슬리팅 나이프 마모,,
72 스플라이서 마모,72,BP Cutting,스플라이서 마모,,
72 컨베이어·센서(CPC 등),72,BP Cutting,컨베이어·센서(CPC 등),,
72 비전카메라 작동상태,72,BP Cutting,비전카메라 작동상태,,
73 장력(캡플라이),73,Capply,장력(캡플라이),,
73 보빈 상태,73,Capply,보빈 상태,,
73 Slitting Knife 교체주기,73,Capply,Slitting Knife 교체주기,,
80 Center Deck,80,성형,Center Deck,,
80 Side Ring,80,성형,Side Ring,,
80 가이드레이져,80,성형,가이드레이져,,
80 PA 나이프 점검,80,성형,PA 나이프 점검,,
80 캡플라이 장력,80,성형,캡플라이 장력,,
80 반제품 투입·선입선출·RFID,80,성형,반제품 투입·선입선출·RFID,,
80 성형 Tool 규격·마모·파손,80,성형,성형 Tool 규격·마모·파손,,
80 각 나이프(커팅) 마모·오염,80,성형,각 나이프(커팅) 마모·오염,,
80 어플리케이터·컨베이어 오염.마모,80,성형,어플리케이터·컨베이어 오염.마모,,
80 길이센서·전폭카메라 정확도,80,성형,길이센서·전폭카메라 정확도,,
80 멀티디스크 롤 작동상태,80,성형,멀티디스크 롤 작동상태,,
80 비드 세터·서포터 작동상태,80,성형,비드 세터·서포터 작동상태,,
80 스티칭·쉐이핑 압력,80,성형,스티칭·쉐이핑 압력,,
80 GT 저울 정확도,80,성형,GT 저울 정확도,,
80 GT 반제품 누락 EP,80,성형,GT 반제품 누락 EP,,
80 바코드 부착설비 정확도,80,성형,바코드 부착설비 정확도,,
80 트랜스 퍼링 작동상태,80,성형,트랜스 퍼링 작동상태,,
81 스프레이건·노즐 작동상태,81,Green Tire Inside Paint,스프레이건·노즐 작동상태,,
81 분사 압력,81,Green Tire Inside Paint,분사 압력,,
81 분사 시간,81,Green Tire Inside Paint,분사 시간,,
90 반제품 선입선출,90,가류,반제품 선입선출,,
90 Series/Inch·브라다 규격,90,가류,Series/Inch·브라다 규격,,
90 GT 로더·언로더 작동상태,90,가류,GT 로더·언로더 작동상태,,
90 몰드예열 온도,90,가류,몰드예열 온도,,
90 몰드 청정도,90,가류,몰드 청정도,,
90 가류 온도,90,가류,가류 온도,,
90 가류 시간,90,가류,가류 시간,,
90 가류 압력,90,가류,가류 압력,,
90 PCI  림 폭,90,가류,PCI  림 폭,,
90 PCI 압력,90,가류,PCI 압력,,
90 컨베이어 작동상태,90,가류,컨베이어 작동상태,,
90 브라다 규격(Size),90,가류,브라다 규격(Size),,
90 브라다 설정횟수 (교체주기),90,가류,브라다 설정횟수 (교체주기),,
90 몰드 예열 온도,90,가류,몰드 예열 온도,,
90 쉐이핑 압력,90,가류,쉐이핑 압력,,
90 하이스팀 온도,90,가류,하이스팀 온도,,
90 하트워터 온도,90,가류,하트워터 온도,,
90 플라텐 온도,90,가류,플라텐 온도,,
90 로우스팀 압력,90,가류,로우스팀 압력,,
90 하이스팀 압력,90,가류,하이스팀 압력,,
90 하트워터 압력,90,가류,하트워터 압력,,
91 몰드 청소,91,금형(Mold),몰드 청소,,
91 몰드 조립상태(문자),91,금형(Mold),몰드 조립상태(문자),,
100 트리머 설비 나이프 마모,100,완제품검사(Inpection),트리머 설비 나이프 마모,,
100 검사원 판정정확도,100,완제품검사(Inpection),검사원 판정정확도,,
100 검사 설비 정확도,100,완제품검사(Inpection),검사 설비 정확도,,
100 출하 검사원 판정 정확도,100,완제품검사(Inpection),출하 검사원 판정 정확도,,
110 크리닝 내면 상태,110,흡음고정(영어),크리닝 내면 상태,,
110 글루 도포 중량 간격,110,흡음고정(영어),글루 도포 중량 간격,,
110 폼 간격,110,흡음고정(영어),폼 간격,,
110 폼 센터링,110,흡음고정(영어),폼 센터링,,
110 폼 중량기 정확도,110,흡음고정(영어),폼 중량기 정확도,,
111 분사 RPM,111,실란트(영어),분사 RPM,,
111 회전 RPM,111,실란트(영어),회전 RPM,,
111 도포 간격,111,실란트(영어),도포 간격,,
111 혼합 시간,111,실란트(영어),혼합 시간,,
111 크리닝 내면 상태,111,실란트(영어),크리닝 내면 상태,,
111 가교 시간,111,실란트(영어),가교 시간,,
120 정확도,120,정기시험,정확도,,
,,,,,
"완제품(자사,고객,사용자)기능",번호,분류 번호,기능,요구사항,고장영향 (Failure Effect)
1.1규격에 맞는 재료 투입과 배합 일관성을 확보할 수 있도록 기능을 제공한다,1.1,Your Plant,규격에 맞는 재료 투입과 배합 일관성을 확보할 수 있도록 기능을 제공한다,"이종고무, 코드 투입, 셋업실수","이종 재료 혼입, 물성 불균일, 접착 불량으로 일부 폐기"
1.2설비 조건 및 작업 수행 정확도를 유지할 수 있도록 기능을 제공한다,1.2,Your Plant,설비 조건 및 작업 수행 정확도를 유지할 수 있도록 기능을 제공한다,"설비, 작업자 실수","공정 조건 이탈, 품질 불균일로 일부 재작업"
1.3미끄러운 노면에서 제동 및 접지력을 유지할 수 있도록 기능을 제공한다,1.3,Your Plant,미끄러운 노면에서 제동 및 접지력을 유지할 수 있도록 기능을 제공한다,"이종고무, 코드 투입, 셋업실수","젖은 노면 제동력 저하, 수막현상 가속, 제동거리 증가, 미끄러짐 사고 발생"
1.4장기 주행 시 사용 수명을 확보할 수 있도록 기능을 제공한다,1.4,Your Plant,장기 주행 시 사용 수명을 확보할 수 있도록 기능을 제공한다,"설비, 작업자 실수","내구성 저하, 조기 마모, 크랙 발생, 트레드/벨트 박리, 주행 중 파열 위험"
1.5주행 중 적정 공기압을 유지할 수 있도록 기능을 제공한다,1.5,Your Plant,주행 중 적정 공기압을 유지할 수 있도록 기능을 제공한다,"이종고무, 코드 투입, 셋업실수","공기 누출 가속, 공기압 급강하, 타이어 과열, 파열 위험"
1.6소음 수준을 최소화하여 정숙한 주행을 제공할 수 있도록 기능을 제공한다,1.6,Your Plant,소음 수준을 최소화하여 정숙한 주행을 제공할 수 있도록 기능을 제공한다,"설비, 작업자 실수","주행 소음 증가, 회전 불균일, 패턴 소음 증대, 승차감 저하"
1.7고속 주행 시 구조 강도와 법규 기준을 만족할 수 있도록 기능을 제공한다,1.7,Your Plant,고속 주행 시 구조 강도와 법규 기준을 만족할 수 있도록 기능을 제공한다,Cap Ply Placement,"고속 주행 중 캡플라이 분리, 벨트/트레드 박리, 급격한 공기압 손실, 타이어 파열, 차량 전복 위험"
1.8공기 밀봉 성능을 유지할 수 있도록 기능을 제공한다,1.8,Your Plant,공기 밀봉 성능을 유지할 수 있도록 기능을 제공한다,Air Retention,"공기 누출, 공기압 저하, 조종성 저하, 연비 악화, 급격한 공기압 손실 시 타이어 파손, 교통사고 발생"
1.9제조 과정에서 구조적 안정성을 확보할 수 있도록 기능을 제공한다,1.9,Your Plant,제조 과정에서 구조적 안정성을 확보할 수 있도록 기능을 제공한다,Structural Integrity,"제조 단계 구조 결함, 주행 중 코드 단선, 비드 와이어 이탈, 타이어 순간 파열, 심각한 안전사고 발생"
1.10부품 간 접착력을 유지할 수 있도록 기능을 제공한다,1.10,Your Plant,부품 간 접착력을 유지할 수 있도록 기능을 제공한다,Adhesion Performance,"부재 간 접착 불량, 박리 발생, 벨트 분리, 트레드 박리, 고속 주행 시 타이어 파열, 치명적 교통사고 발생"
1.11회전 균일도를 확보할 수 있도록 기능을 제공한다,1.11,Your Plant,회전 균일도를 확보할 수 있도록 기능을 제공한다,Uniformity Variation,"회전 불균일 발생, 진동 및 소음 증가, 조종 안정성 저하, 고속 주행 시 차량 제어 불능, 사고 위험 증가"
1.12규정 중량 범위를 유지할 수 있도록 기능을 제공한다,1.12,Your Plant,규정 중량 범위를 유지할 수 있도록 기능을 제공한다,Weight Management,"중량 초과/미달, 연비 저하, 제동거리 증가, 타이어 편마모, 조기 마모, 차량 균형 손실"
1.13저항을 최소화하여 에너지 효율을 확보할 수 있도록 기능을 제공한다,1.13,Your Plant,저항을 최소화하여 에너지 효율을 확보할 수 있도록 기능을 제공한다,Rolling Resistance,"구름저항 증가, 연비 악화, 이산화탄소 배출 증가, 타이어 발열 증가, 내구성 저하"
1.14고온 조건에서 물성 안정성을 유지할 수 있도록 기능을 제공한다,1.14,Your Plant,고온 조건에서 물성 안정성을 유지할 수 있도록 기능을 제공한다,Thermal Durability,"고온 조건 물성 저하, 접착력 약화, 부재 박리, 고속/하중 시 타이어 파열 위험"
1.15마모·노화에 대한 내구성을 확보할 수 있도록 기능을 제공한다,1.15,Your Plant,마모·노화에 대한 내구성을 확보할 수 있도록 기능을 제공한다,Compound Durability,"조기 마모, 크랙 발생, 노화 가속, 트레드 박리, 주행거리 단축, 교체 주기 단축"
1.16정전기 전도 및 방전을 규정 수준으로 유지할 수 있도록 기능을 제공한다,1.16,Your Plant,정전기 전도 및 방전을 규정 수준으로 유지할 수 있도록 기능을 제공한다,Electrical Resistance,"정전기 축적, 주유 시 스파크 발생, 화재/폭발 위험, 전자장비 오작동 위험"
2.1차량에 적정하게 장착될 수 있도록 치수 및 형상을 유지하는 기능을 제공한다,2.1,CAR MAKER,차량에 적정하게 장착될 수 있도록 치수 및 형상을 유지하는 기능을 제공한다,Dry/Wet Braking Performance,"치수 불합격, 장착 불가, 생산 라인 정지, 차량 출고 지연"
"2.2고속 코너링 불안정, 차체 롤 증가, 조종 한계 저하, 사고 위험 증가",2.2,CAR MAKER,"고속 코너링 불안정, 차체 롤 증가, 조종 한계 저하, 사고 위험 증가",Dry/Wet Handling,Dry/Wet 제동 성능 저하로 중대 품질 개선대책요구
2.3제조 라벨 정보가 규격과 정확히 일치하도록 기능을 제공한다,2.3,CAR MAKER,제조 라벨 정보가 규격과 정확히 일치하도록 기능을 제공한다,Tread Wear Performance,"라벨 오류, 법규 위반, 시장 리콜, 브랜드 이미지 손상"
2.4오존 환경에서 균열 없이 물성을 유지할 수 있도록 기능을 제공한다,2.4,CAR MAKER,오존 환경에서 균열 없이 물성을 유지할 수 있도록 기능을 제공한다,Noise Performance,"사이드월 오존 크랙, 외관 불량, 내측 구조 손상, 공기 누출 위험"
2.5차량 조립에 적합한 규격·형상 공차를 유지할 수 있도록 기능을 제공한다,2.5,CAR MAKER,차량 조립에 적합한 규격·형상 공차를 유지할 수 있도록 기능을 제공한다,Comfort,"비드/림 장착 불량, 조립 라인 정지, 차량 출고 지연"
2.6차량 장착 적합성을 유지할 수 있도록 기능을 제공한다,2.6,CAR MAKER,차량 장착 적합성을 유지할 수 있도록 기능을 제공한다,Tire Fitment,"차량별 규격 불합, 장착 불가, 생산 중단"
2.7고속 주행 시 안전성과 구조적 안정성을 확보할 수 있도록 기능을 제공한다,2.7,CAR MAKER,고속 주행 시 안전성과 구조적 안정성을 확보할 수 있도록 기능을 제공한다,Safety Under High Speed,"고속 주행 중 구조 붕괴, 타이어 파열, 대형 사고 발생"
2.8제조 라벨 정보가 규격과 정확히 일치하도록 기능을 제공한다,2.8,CAR MAKER,제조 라벨 정보가 규격과 정확히 일치하도록 기능을 제공한다,Tire Labeling Accuracy,"라벨 오류, 법적 제재, 시장 리콜, 신뢰도 하락"
2.9오존 환경에서 균열 없이 물성을 유지할 수 있도록 기능을 제공한다,2.9,CAR MAKER,오존 환경에서 균열 없이 물성을 유지할 수 있도록 기능을 제공한다,Ozone Resistance,"고무 오존 열화, 크랙 발생, 외관 불량, 공기압 손실 위험"
2.1차량 조립에 적합한 규격·형상 공차를 유지할 수 있도록 기능을 제공한다,2.10,CAR MAKER,차량 조립에 적합한 규격·형상 공차를 유지할 수 있도록 기능을 제공한다,Dimensional Accuracy,"치수 초과/미달, 림 장착 불량, 조립 라인 정지"
3.1외관 품질을 유지할 수 있도록 기능을 제공한다,3.1,User,외관 품질을 유지할 수 있도록 기능을 제공한다,Traction,"외관 결함, 상품성 저하, 소비자 불만, 반품/교환 증가"
3.2주행 신뢰성과 지속적 성능을 유지할 수 있도록 기능을 제공한다,3.2,User,주행 신뢰성과 지속적 성능을 유지할 수 있도록 기능을 제공한다,Mileage,"조기 마모, 주행거리 단축, 빈번한 교체 비용 증가, 고객 불만"
3.3차량·운전자·보행자 안전을 확보할 수 있도록 기능을 제공한다 from,3.3,User,차량·운전자·보행자 안전을 확보할 수 있도록 기능을 제공한다 from,Air Pressure Retention,"공기압 급강하, 타이어 파열, 차량 제어 상실, 대형 교통사고 발생"
3.4환경 규제 기준을 충족할 수 있도록 기능을 제공한다,3.4,User,환경 규제 기준을 충족할 수 있도록 기능을 제공한다,Low Noise,"소음 규제 초과, 법적 제재, 차량 통과 불가"
3.5건식/습식 조건에서 제동 성능을 유지할 수 있도록 기능을 제공한다,3.5,User,건식/습식 조건에서 제동 성능을 유지할 수 있도록 기능을 제공한다,Ride Comfort,"젖은 노면 제동거리 증가, 미끄러짐 사고, 충돌 위험 증가"
3.6건식/습식 조건에서 조종 안정성을 유지할 수 있도록 기능을 제공한다,3.6,User,건식/습식 조건에서 조종 안정성을 유지할 수 있도록 기능을 제공한다,Aesthetic Quality,"코너링 그립 저하, 차량 미끄러짐, 조종 상실 위험"
3.7트레드 마모 수명을 확보할 수 있도록 기능을 제공한다,3.7,User,트레드 마모 수명을 확보할 수 있도록 기능을 제공한다,Reliability,"불규칙 마모, 편마모, 조기 교체, 주행거리 손실"
3.8차량 주행 소음을 규정 수준으로 유지할 수 있도록 기능을 제공한다,3.8,User,차량 주행 소음을 규정 수준으로 유지할 수 있도록 기능을 제공한다,Safety,"주행 소음 증가, 승차감 저하, 피로도 증가"
3.9차량 진동을 제어하여 쾌적한 승차감을 제공할 수 있도록 기능을 제공한다,3.9,User,차량 진동을 제어하여 쾌적한 승차감을 제공할 수 있도록 기능을 제공한다,Environmental Compliance,"진동 증가, 불쾌한 승차감, 장거리 피로도 증가, 상품성 저하"
,,,,,
요구사항,번호,분류 번호,기능,요구사항,고장영향 (Failure Effect)
"1.1이종고무, 코드 투입, 셋업실수",1.1,Your Plant,규격에 맞는 재료 투입과 배합 일관성을 확보할 수 있도록 기능을 제공한다,"이종고무, 코드 투입, 셋업실수","이종 재료 혼입, 물성 불균일, 접착 불량으로 일부 폐기"
"1.2설비, 작업자 실수",1.2,Your Plant,설비 조건 및 작업 수행 정확도를 유지할 수 있도록 기능을 제공한다,"설비, 작업자 실수","공정 조건 이탈, 품질 불균일로 일부 재작업"
"1.3이종고무, 코드 투입, 셋업실수",1.3,Your Plant,미끄러운 노면에서 제동 및 접지력을 유지할 수 있도록 기능을 제공한다,"이종고무, 코드 투입, 셋업실수","젖은 노면 제동력 저하, 수막현상 가속, 제동거리 증가, 미끄러짐 사고 발생"
"1.4설비, 작업자 실수",1.4,Your Plant,장기 주행 시 사용 수명을 확보할 수 있도록 기능을 제공한다,"설비, 작업자 실수","내구성 저하, 조기 마모, 크랙 발생, 트레드/벨트 박리, 주행 중 파열 위험"
"1.5이종고무, 코드 투입, 셋업실수",1.5,Your Plant,주행 중 적정 공기압을 유지할 수 있도록 기능을 제공한다,"이종고무, 코드 투입, 셋업실수","공기 누출 가속, 공기압 급강하, 타이어 과열, 파열 위험"
"1.6설비, 작업자 실수",1.6,Your Plant,소음 수준을 최소화하여 정숙한 주행을 제공할 수 있도록 기능을 제공한다,"설비, 작업자 실수","주행 소음 증가, 회전 불균일, 패턴 소음 증대, 승차감 저하"
1.7Cap Ply Placement,1.7,Your Plant,고속 주행 시 구조 강도와 법규 기준을 만족할 수 있도록 기능을 제공한다,Cap Ply Placement,"고속 주행 중 캡플라이 분리, 벨트/트레드 박리, 급격한 공기압 손실, 타이어 파열, 차량 전복 위험"
1.8Air Retention,1.8,Your Plant,공기 밀봉 성능을 유지할 수 있도록 기능을 제공한다,Air Retention,"공기 누출, 공기압 저하, 조종성 저하, 연비 악화, 급격한 공기압 손실 시 타이어 파손, 교통사고 발생"
1.9Structural Integrity,1.9,Your Plant,제조 과정에서 구조적 안정성을 확보할 수 있도록 기능을 제공한다,Structural Integrity,"제조 단계 구조 결함, 주행 중 코드 단선, 비드 와이어 이탈, 타이어 순간 파열, 심각한 안전사고 발생"
1.10Adhesion Performance,1.10,Your Plant,부품 간 접착력을 유지할 수 있도록 기능을 제공한다,Adhesion Performance,"부재 간 접착 불량, 박리 발생, 벨트 분리, 트레드 박리, 고속 주행 시 타이어 파열, 치명적 교통사고 발생"
1.11Uniformity Variation,1.11,Your Plant,회전 균일도를 확보할 수 있도록 기능을 제공한다,Uniformity Variation,"회전 불균일 발생, 진동 및 소음 증가, 조종 안정성 저하, 고속 주행 시 차량 제어 불능, 사고 위험 증가"
1.12Weight Management,1.12,Your Plant,규정 중량 범위를 유지할 수 있도록 기능을 제공한다,Weight Management,"중량 초과/미달, 연비 저하, 제동거리 증가, 타이어 편마모, 조기 마모, 차량 균형 손실"
1.13Rolling Resistance,1.13,Your Plant,저항을 최소화하여 에너지 효율을 확보할 수 있도록 기능을 제공한다,Rolling Resistance,"구름저항 증가, 연비 악화, 이산화탄소 배출 증가, 타이어 발열 증가, 내구성 저하"
1.14Thermal Durability,1.14,Your Plant,고온 조건에서 물성 안정성을 유지할 수 있도록 기능을 제공한다,Thermal Durability,"고온 조건 물성 저하, 접착력 약화, 부재 박리, 고속/하중 시 타이어 파열 위험"
1.15Compound Durability,1.15,Your Plant,마모·노화에 대한 내구성을 확보할 수 있도록 기능을 제공한다,Compound Durability,"조기 마모, 크랙 발생, 노화 가속, 트레드 박리, 주행거리 단축, 교체 주기 단축"
1.16Electrical Resistance,1.16,Your Plant,정전기 전도 및 방전을 규정 수준으로 유지할 수 있도록 기능을 제공한다,Electrical Resistance,"정전기 축적, 주유 시 스파크 발생, 화재/폭발 위험, 전자장비 오작동 위험"
2.1Dry/Wet Braking Performance,2.1,CAR MAKER,차량에 적정하게 장착될 수 있도록 치수 및 형상을 유지하는 기능을 제공한다,Dry/Wet Braking Performance,"치수 불합격, 장착 불가, 생산 라인 정지, 차량 출고 지연"
2.2Dry/Wet Handling,2.2,CAR MAKER,"고속 코너링 불안정, 차체 롤 증가, 조종 한계 저하, 사고 위험 증가",Dry/Wet Handling,Dry/Wet 제동 성능 저하로 중대 품질 개선대책요구
2.3Tread Wear Performance,2.3,CAR MAKER,제조 라벨 정보가 규격과 정확히 일치하도록 기능을 제공한다,Tread Wear Performance,"라벨 오류, 법규 위반, 시장 리콜, 브랜드 이미지 손상"
2.4Noise Performance,2.4,CAR MAKER,오존 환경에서 균열 없이 물성을 유지할 수 있도록 기능을 제공한다,Noise Performance,"사이드월 오존 크랙, 외관 불량, 내측 구조 손상, 공기 누출 위험"
2.5Comfort,2.5,CAR MAKER,차량 조립에 적합한 규격·형상 공차를 유지할 수 있도록 기능을 제공한다,Comfort,"비드/림 장착 불량, 조립 라인 정지, 차량 출고 지연"
2.6Tire Fitment,2.6,CAR MAKER,차량 장착 적합성을 유지할 수 있도록 기능을 제공한다,Tire Fitment,"차량별 규격 불합, 장착 불가, 생산 중단"
2.7Safety Under High Speed,2.7,CAR MAKER,고속 주행 시 안전성과 구조적 안정성을 확보할 수 있도록 기능을 제공한다,Safety Under High Speed,"고속 주행 중 구조 붕괴, 타이어 파열, 대형 사고 발생"
2.8Tire Labeling Accuracy,2.8,CAR MAKER,제조 라벨 정보가 규격과 정확히 일치하도록 기능을 제공한다,Tire Labeling Accuracy,"라벨 오류, 법적 제재, 시장 리콜, 신뢰도 하락"
2.9Ozone Resistance,2.9,CAR MAKER,오존 환경에서 균열 없이 물성을 유지할 수 있도록 기능을 제공한다,Ozone Resistance,"고무 오존 열화, 크랙 발생, 외관 불량, 공기압 손실 위험"
2.1Dimensional Accuracy,2.10,CAR MAKER,차량 조립에 적합한 규격·형상 공차를 유지할 수 있도록 기능을 제공한다,Dimensional Accuracy,"치수 초과/미달, 림 장착 불량, 조립 라인 정지"
3.1Traction,3.1,User,외관 품질을 유지할 수 있도록 기능을 제공한다,Traction,"외관 결함, 상품성 저하, 소비자 불만, 반품/교환 증가"
3.2Mileage,3.2,User,주행 신뢰성과 지속적 성능을 유지할 수 있도록 기능을 제공한다,Mileage,"조기 마모, 주행거리 단축, 빈번한 교체 비용 증가, 고객 불만"
3.3Air Pressure Retention,3.3,User,차량·운전자·보행자 안전을 확보할 수 있도록 기능을 제공한다 from,Air Pressure Retention,"공기압 급강하, 타이어 파열, 차량 제어 상실, 대형 교통사고 발생"
3.4Low Noise,3.4,User,환경 규제 기준을 충족할 수 있도록 기능을 제공한다,Low Noise,"소음 규제 초과, 법적 제재, 차량 통과 불가"
3.5Ride Comfort,3.5,User,건식/습식 조건에서 제동 성능을 유지할 수 있도록 기능을 제공한다,Ride Comfort,"젖은 노면 제동거리 증가, 미끄러짐 사고, 충돌 위험 증가"
3.6Aesthetic Quality,3.6,User,건식/습식 조건에서 조종 안정성을 유지할 수 있도록 기능을 제공한다,Aesthetic Quality,"코너링 그립 저하, 차량 미끄러짐, 조종 상실 위험"
3.7Reliability,3.7,User,트레드 마모 수명을 확보할 수 있도록 기능을 제공한다,Reliability,"불규칙 마모, 편마모, 조기 교체, 주행거리 손실"
3.8Safety,3.8,User,차량 주행 소음을 규정 수준으로 유지할 수 있도록 기능을 제공한다,Safety,"주행 소음 증가, 승차감 저하, 피로도 증가"
3.9Environmental Compliance,3.9,User,차량 진동을 제어하여 쾌적한 승차감을 제공할 수 있도록 기능을 제공한다,Environmental Compliance,"진동 증가, 불쾌한 승차감, 장거리 피로도 증가, 상품성 저하"
,,,,,
,,,,,
,,,,,
,,,,,
,,,,,
,,,,,
고장영향 (Failure Effect),번호,분류 번호,기능,요구사항,고장영향 (Failure Effect)
"1.1이종 재료 혼입, 물성 불균일, 접착 불량으로 일부 폐기",1.1,Your Plant,규격에 맞는 재료 투입과 배합 일관성을 확보할 수 있도록 기능을 제공한다,"이종고무, 코드 투입, 셋업실수","이종 재료 혼입, 물성 불균일, 접착 불량으로 일부 폐기"
"1.2공정 조건 이탈, 품질 불균일로 일부 재작업",1.2,Your Plant,설비 조건 및 작업 수행 정확도를 유지할 수 있도록 기능을 제공한다,"설비, 작업자 실수","공정 조건 이탈, 품질 불균일로 일부 재작업"
"1.3젖은 노면 제동력 저하, 수막현상 가속, 제동거리 증가, 미끄러짐 사고 발생",1.3,Your Plant,미끄러운 노면에서 제동 및 접지력을 유지할 수 있도록 기능을 제공한다,"이종고무, 코드 투입, 셋업실수","젖은 노면 제동력 저하, 수막현상 가속, 제동거리 증가, 미끄러짐 사고 발생"
"1.4내구성 저하, 조기 마모, 크랙 발생, 트레드/벨트 박리, 주행 중 파열 위험",1.4,Your Plant,장기 주행 시 사용 수명을 확보할 수 있도록 기능을 제공한다,"설비, 작업자 실수","내구성 저하, 조기 마모, 크랙 발생, 트레드/벨트 박리, 주행 중 파열 위험"
"1.5공기 누출 가속, 공기압 급강하, 타이어 과열, 파열 위험",1.5,Your Plant,주행 중 적정 공기압을 유지할 수 있도록 기능을 제공한다,"이종고무, 코드 투입, 셋업실수","공기 누출 가속, 공기압 급강하, 타이어 과열, 파열 위험"
"1.6주행 소음 증가, 회전 불균일, 패턴 소음 증대, 승차감 저하",1.6,Your Plant,소음 수준을 최소화하여 정숙한 주행을 제공할 수 있도록 기능을 제공한다,"설비, 작업자 실수","주행 소음 증가, 회전 불균일, 패턴 소음 증대, 승차감 저하"
"1.7고속 주행 중 캡플라이 분리, 벨트/트레드 박리, 급격한 공기압 손실, 타이어 파열, 차량 전복 위험",1.7,Your Plant,고속 주행 시 구조 강도와 법규 기준을 만족할 수 있도록 기능을 제공한다,Cap Ply Placement,"고속 주행 중 캡플라이 분리, 벨트/트레드 박리, 급격한 공기압 손실, 타이어 파열, 차량 전복 위험"
"1.8공기 누출, 공기압 저하, 조종성 저하, 연비 악화, 급격한 공기압 손실 시 타이어 파손, 교통사고 발생",1.8,Your Plant,공기 밀봉 성능을 유지할 수 있도록 기능을 제공한다,Air Retention,"공기 누출, 공기압 저하, 조종성 저하, 연비 악화, 급격한 공기압 손실 시 타이어 파손, 교통사고 발생"
"1.9제조 단계 구조 결함, 주행 중 코드 단선, 비드 와이어 이탈, 타이어 순간 파열, 심각한 안전사고 발생",1.9,Your Plant,제조 과정에서 구조적 안정성을 확보할 수 있도록 기능을 제공한다,Structural Integrity,"제조 단계 구조 결함, 주행 중 코드 단선, 비드 와이어 이탈, 타이어 순간 파열, 심각한 안전사고 발생"
"1.10부재 간 접착 불량, 박리 발생, 벨트 분리, 트레드 박리, 고속 주행 시 타이어 파열, 치명적 교통사고 발생",1.10,Your Plant,부품 간 접착력을 유지할 수 있도록 기능을 제공한다,Adhesion Performance,"부재 간 접착 불량, 박리 발생, 벨트 분리, 트레드 박리, 고속 주행 시 타이어 파열, 치명적 교통사고 발생"
"1.11회전 불균일 발생, 진동 및 소음 증가, 조종 안정성 저하, 고속 주행 시 차량 제어 불능, 사고 위험 증가",1.11,Your Plant,회전 균일도를 확보할 수 있도록 기능을 제공한다,Uniformity Variation,"회전 불균일 발생, 진동 및 소음 증가, 조종 안정성 저하, 고속 주행 시 차량 제어 불능, 사고 위험 증가"
"1.12중량 초과/미달, 연비 저하, 제동거리 증가, 타이어 편마모, 조기 마모, 차량 균형 손실",1.12,Your Plant,규정 중량 범위를 유지할 수 있도록 기능을 제공한다,Weight Management,"중량 초과/미달, 연비 저하, 제동거리 증가, 타이어 편마모, 조기 마모, 차량 균형 손실"
"1.13구름저항 증가, 연비 악화, 이산화탄소 배출 증가, 타이어 발열 증가, 내구성 저하",1.13,Your Plant,저항을 최소화하여 에너지 효율을 확보할 수 있도록 기능을 제공한다,Rolling Resistance,"구름저항 증가, 연비 악화, 이산화탄소 배출 증가, 타이어 발열 증가, 내구성 저하"
"1.14고온 조건 물성 저하, 접착력 약화, 부재 박리, 고속/하중 시 타이어 파열 위험",1.14,Your Plant,고온 조건에서 물성 안정성을 유지할 수 있도록 기능을 제공한다,Thermal Durability,"고온 조건 물성 저하, 접착력 약화, 부재 박리, 고속/하중 시 타이어 파열 위험"
"1.15조기 마모, 크랙 발생, 노화 가속, 트레드 박리, 주행거리 단축, 교체 주기 단축",1.15,Your Plant,마모·노화에 대한 내구성을 확보할 수 있도록 기능을 제공한다,Compound Durability,"조기 마모, 크랙 발생, 노화 가속, 트레드 박리, 주행거리 단축, 교체 주기 단축"
"1.16정전기 축적, 주유 시 스파크 발생, 화재/폭발 위험, 전자장비 오작동 위험",1.16,Your Plant,정전기 전도 및 방전을 규정 수준으로 유지할 수 있도록 기능을 제공한다,Electrical Resistance,"정전기 축적, 주유 시 스파크 발생, 화재/폭발 위험, 전자장비 오작동 위험"
"2.1치수 불합격, 장착 불가, 생산 라인 정지, 차량 출고 지연",2.1,CAR MAKER,차량에 적정하게 장착될 수 있도록 치수 및 형상을 유지하는 기능을 제공한다,Dry/Wet Braking Performance,"치수 불합격, 장착 불가, 생산 라인 정지, 차량 출고 지연"
2.2Dry/Wet 제동 성능 저하로 중대 품질 개선대책요구,2.2,CAR MAKER,"고속 코너링 불안정, 차체 롤 증가, 조종 한계 저하, 사고 위험 증가",Dry/Wet Handling,Dry/Wet 제동 성능 저하로 중대 품질 개선대책요구
"2.3라벨 오류, 법규 위반, 시장 리콜, 브랜드 이미지 손상",2.3,CAR MAKER,제조 라벨 정보가 규격과 정확히 일치하도록 기능을 제공한다,Tread Wear Performance,"라벨 오류, 법규 위반, 시장 리콜, 브랜드 이미지 손상"
"2.4사이드월 오존 크랙, 외관 불량, 내측 구조 손상, 공기 누출 위험",2.4,CAR MAKER,오존 환경에서 균열 없이 물성을 유지할 수 있도록 기능을 제공한다,Noise Performance,"사이드월 오존 크랙, 외관 불량, 내측 구조 손상, 공기 누출 위험"
"2.5비드/림 장착 불량, 조립 라인 정지, 차량 출고 지연",2.5,CAR MAKER,차량 조립에 적합한 규격·형상 공차를 유지할 수 있도록 기능을 제공한다,Comfort,"비드/림 장착 불량, 조립 라인 정지, 차량 출고 지연"
"2.6차량별 규격 불합, 장착 불가, 생산 중단",2.6,CAR MAKER,차량 장착 적합성을 유지할 수 있도록 기능을 제공한다,Tire Fitment,"차량별 규격 불합, 장착 불가, 생산 중단"
"2.7고속 주행 중 구조 붕괴, 타이어 파열, 대형 사고 발생",2.7,CAR MAKER,고속 주행 시 안전성과 구조적 안정성을 확보할 수 있도록 기능을 제공한다,Safety Under High Speed,"고속 주행 중 구조 붕괴, 타이어 파열, 대형 사고 발생"
"2.8라벨 오류, 법적 제재, 시장 리콜, 신뢰도 하락",2.8,CAR MAKER,제조 라벨 정보가 규격과 정확히 일치하도록 기능을 제공한다,Tire Labeling Accuracy,"라벨 오류, 법적 제재, 시장 리콜, 신뢰도 하락"
"2.9고무 오존 열화, 크랙 발생, 외관 불량, 공기압 손실 위험",2.9,CAR MAKER,오존 환경에서 균열 없이 물성을 유지할 수 있도록 기능을 제공한다,Ozone Resistance,"고무 오존 열화, 크랙 발생, 외관 불량, 공기압 손실 위험"
"2.1치수 초과/미달, 림 장착 불량, 조립 라인 정지",2.10,CAR MAKER,차량 조립에 적합한 규격·형상 공차를 유지할 수 있도록 기능을 제공한다,Dimensional Accuracy,"치수 초과/미달, 림 장착 불량, 조립 라인 정지"
"3.1외관 결함, 상품성 저하, 소비자 불만, 반품/교환 증가",3.1,User,외관 품질을 유지할 수 있도록 기능을 제공한다,Traction,"외관 결함, 상품성 저하, 소비자 불만, 반품/교환 증가"
"3.2조기 마모, 주행거리 단축, 빈번한 교체 비용 증가, 고객 불만",3.2,User,주행 신뢰성과 지속적 성능을 유지할 수 있도록 기능을 제공한다,Mileage,"조기 마모, 주행거리 단축, 빈번한 교체 비용 증가, 고객 불만"
"3.3공기압 급강하, 타이어 파열, 차량 제어 상실, 대형 교통사고 발생",3.3,User,차량·운전자·보행자 안전을 확보할 수 있도록 기능을 제공한다 from,Air Pressure Retention,"공기압 급강하, 타이어 파열, 차량 제어 상실, 대형 교통사고 발생"
"3.4소음 규제 초과, 법적 제재, 차량 통과 불가",3.4,User,환경 규제 기준을 충족할 수 있도록 기능을 제공한다,Low Noise,"소음 규제 초과, 법적 제재, 차량 통과 불가"
"3.5젖은 노면 제동거리 증가, 미끄러짐 사고, 충돌 위험 증가",3.5,User,건식/습식 조건에서 제동 성능을 유지할 수 있도록 기능을 제공한다,Ride Comfort,"젖은 노면 제동거리 증가, 미끄러짐 사고, 충돌 위험 증가"
"3.6코너링 그립 저하, 차량 미끄러짐, 조종 상실 위험",3.6,User,건식/습식 조건에서 조종 안정성을 유지할 수 있도록 기능을 제공한다,Aesthetic Quality,"코너링 그립 저하, 차량 미끄러짐, 조종 상실 위험"
"3.7불규칙 마모, 편마모, 조기 교체, 주행거리 손실",3.7,User,트레드 마모 수명을 확보할 수 있도록 기능을 제공한다,Reliability,"불규칙 마모, 편마모, 조기 교체, 주행거리 손실"
"3.8주행 소음 증가, 승차감 저하, 피로도 증가",3.8,User,차량 주행 소음을 규정 수준으로 유지할 수 있도록 기능을 제공한다,Safety,"주행 소음 증가, 승차감 저하, 피로도 증가"
"3.9진동 증가, 불쾌한 승차감, 장거리 피로도 증가, 상품성 저하",3.9,User,차량 진동을 제어하여 쾌적한 승차감을 제공할 수 있도록 기능을 제공한다,Environmental Compliance,"진동 증가, 불쾌한 승차감, 장거리 피로도 증가, 상품성 저하"
,,,,,
고장형태,공정번호,공정명,부품명,제품특성,고장형태
10이물입 오염,10,자재입고,원부자재,이물질 ,이물입 오염
"10포장,제품 손상",10,자재입고,원부자재,보관상태,"포장,제품 손상"
10유효기간 초과,10,자재입고,원부자재,유효기간,유효기간 초과
11가온온도 불만족,11,가온실,천연고무,가온온도,가온온도 불만족
11가온온도 불만족,11,가온실,합성고무,가온온도,가온온도 불만족
11보관기간 불만족,11,가온실,천연고무,보관기간,보관기간 불만족
11보관기간 불만족,11,가온실,합성고무,보관기간,보관기간 불만족
20Appearance 불만족,20,수입검사,천연고무,Appearance,Appearance 불만족
20Ash Content 불만족,20,수입검사,천연고무,Ash Content,Ash Content 불만족
20Dirt Content 불만족,20,수입검사,천연고무,Dirt Content,Dirt Content 불만족
20Volatile Matter (NR) 불만족,20,수입검사,천연고무,Volatile Matter (NR),Volatile Matter (NR) 불만족
20Plasticity Original (PO) 불만족,20,수입검사,천연고무,Plasticity Original (PO),Plasticity Original (PO) 불만족
20PRI 불만족,20,수입검사,천연고무,PRI,PRI 불만족
20Mooney Viscosity 불만족,20,수입검사,합성고무,Mooney Viscosity,Mooney Viscosity 불만족
20Mooney Viscosity 불만족,20,수입검사,재생고무,Mooney Viscosity,Mooney Viscosity 불만족
20Sp. Gr. 불만족,20,수입검사,재생고무,Sp. Gr.,Sp. Gr. 불만족
20Grain test 불만족,20,수입검사,재생고무,Grain test,Grain test 불만족
20DBP Oil Adsorption Number 불만족,20,수입검사,카본블랙,DBP Oil Adsorption Number,DBP Oil Adsorption Number 불만족
20Heating Loss (105℃×2hrs) 불만족,20,수입검사,실리카,Heating Loss (105℃×2hrs),Heating Loss (105℃×2hrs) 불만족
20인장강도 불만족,20,수입검사,PET Cord,인장강도,인장강도 불만족
20절신 불만족,20,수입검사,PET Cord,절신,절신 불만족
20중신 불만족,20,수입검사,PET Cord,중신,중신 불만족
20접착력 불만족,20,수입검사,PET Cord,접착력,접착력 불만족
20인장강도 불만족,20,수입검사,Nylon Cord,인장강도,인장강도 불만족
20중신 불만족,20,수입검사,Nylon Cord,중신,중신 불만족
20접착력 불만족,20,수입검사,Nylon Cord,접착력,접착력 불만족
20인장강도 불만족,20,수입검사,스틸코드,인장강도,인장강도 불만족
20접착력 불만족,20,수입검사,스틸코드,접착력,접착력 불만족
20절신 불만족,20,수입검사,스틸코드,절신,절신 불만족
20Rubber Coverage 불만족,20,수입검사,스틸코드,Rubber Coverage,Rubber Coverage 불만족
20인장강도 불만족,20,수입검사,비드와이어,인장강도,인장강도 불만족
20절신 불만족,20,수입검사,비드와이어,절신,절신 불만족
20접착력 불만족,20,수입검사,비드와이어,접착력,접착력 불만족
20Torsion 불만족,20,수입검사,비드와이어,Torsion,Torsion 불만족
20화학약품 및 기타오일 불만족,20,수입검사,화학약품 및 오일,화학약품 및 기타오일,화학약품 및 기타오일 불만족
31Mooney Viscosity 불만족,31,MB Mixing,MB,Mooney Viscosity,Mooney Viscosity 불만족
31시트외관 부적합,31,MB Mixing,MB,시트 외관,시트외관 부적합
31이물 혼입,31,MB Mixing,MB,이물질 ,이물 혼입
32Mooney Viscosity 불만족,32,FB Mixing,FB,Mooney Viscosity,Mooney Viscosity 불만족
32Scorch Time 불만족,32,FB Mixing,FB,Scorch Time,Scorch Time 불만족
32Rheometer 불만족,32,FB Mixing,FB,Rheometer,Rheometer 불만족
32Specific Gravity 불만족,32,FB Mixing,FB,Specific Gravity,Specific Gravity 불만족
32시트외관 부적합,32,FB Mixing,FB,시트 외관,시트외관 부적합
32이물 혼입,32,FB Mixing,FB,이물질 ,이물 혼입
33오판정,33,MILL CON,검사정확도,검사 정확도,오판정
41Tread 폭 불만족,41,압출 (TREAD),TREAD,Tread 폭,Tread 폭 불만족
41Tread 두께 불만족,41,압출 (TREAD),TREAD,Tread 두께,Tread 두께 불만족
41Tread 단면적 불만족,41,압출 (TREAD),TREAD,Tread 단면적,Tread 단면적 불만족
41Tread 문자 불만족,41,압출 (TREAD),TREAD,Tread 문자,Tread 문자 불만족
41Tread 색선 불만족,41,압출 (TREAD),TREAD,Tread 색선,Tread 색선 불만족
41금속 이물질,41,압출 (TREAD),TREAD,금속 이물질,금속 이물질
41이물질,41,압출 (TREAD),TREAD,이물질,이물질
42이물 입,42,압출 (Side Wall),Side Wall,금속 이물질 ,이물 입
42Side Wall 폭 불만족,42,압출 (Side Wall),Side Wall,Side Wall 폭,Side Wall 폭 불만족
42Side Wall 두께 불만족,42,압출 (Side Wall),Side Wall,Side Wall 두께,Side Wall 두께 불만족
42Side Wall 단면적 불만족,42,압출 (Side Wall),Side Wall,Side Wall 단면적,Side Wall 단면적 불만족
42이물 입,42,압출 (Side Wall),Side Wall,이물질 ,이물 입
51산화,51,크릴룸 (Creel Room),Cord,산화,산화
52Steel Cord 폭 불만족,52,압연(Steel Cord),Steel Cord,Steel Cord 폭,Steel Cord 폭 불만족
52Steel Cord 두께 불만족,52,압연(Steel Cord),Steel Cord,Steel Cord 두께,Steel Cord 두께 불만족
52Steel Cord 코팅상태 불만족,52,압연(Steel Cord),Steel Cord,Steel Cord 코팅상태,Steel Cord 코팅상태 불만족
52금속 이물질,52,압연(Steel Cord),Steel Cord,금속 이물,금속 이물질
52접착력 불만족,52,압연(Steel Cord),Steel Cord,접착력,접착력 불만족
53Fabric Cord 폭 불만족,53,압연(Fabric Cord),Fabric Cord,Fabric Cord 폭,Fabric Cord 폭 불만족
53Fabric Cord 두께 불만족,53,압연(Fabric Cord),Fabric Cord,Fabric Cord 두께,Fabric Cord 두께 불만족
53Fabric Cord 코팅상태 불만족,53,압연(Fabric Cord),Fabric Cord,Fabric Cord 코팅상태,Fabric Cord 코팅상태 불만족
53금속 이물질,53,압연(Fabric Cord),Fabric Cord,금속 이물,금속 이물질
54Inner 폭 불만족,54,압연 (Inner),압연 (Inner),Inner 폭,Inner 폭 불만족
54Inner 두께 불만족,54,압연 (Inner),압연 (Inner),Inner 두께,Inner 두께 불만족
54Inner 시팅 상태 불만족,54,압연 (Inner),압연 (Inner),Inner 시팅 상태,Inner 시팅 상태 불만족
54금속 이물질,54,압연 (Inner),압연 (Inner),금속 이물,금속 이물질
60스펙불만족,60,비드,Bead,비드 스펙,스펙불만족
61비드 원주 불만족,61,비드와이어,Bead Wire,비드 원주,비드 원주 불만족
61비드 폭 불만족,61,비드와이어,Bead Wire,비드 폭,비드 폭 불만족
61비드 높이 불만족,61,비드와이어,Bead Wire,비드 높이,비드 높이 불만족
61비드 무게 불만족,61,비드와이어,Bead Wire,비드 무게,비드 무게 불만족
62필러컴파운드 확인 불만족,62,비드필러,Bead Wire,필러컴파운드 확인,필러컴파운드 확인 불만족
62금속 이물 불만족,62,비드필러,Bead Wire,금속 이물,금속 이물 불만족
62FILLER 높이 불만족,62,비드필러,Bead Wire,FILLER 높이,FILLER 높이 불만족
62필러 무게 불만족,62,비드필러,Bead Wire,필러 무게,필러 무게 불만족
62Filler dog ear 불만족,62,비드필러,Bead Wire,Filler dog ear,Filler dog ear 불만족
71스틸벨트 원단확인 불만족,71,재단(SB Cutting),Steel  Belt,스틸벨트 원단확인,스틸벨트 원단확인 불만족
71SB 재단 폭 불만족,71,재단(SB Cutting),Steel  Belt,SB 재단 폭,SB 재단 폭 불만족
71SB 각도 불만족,71,재단(SB Cutting),Steel  Belt,SB 각도,SB 각도 불만족
71SB Dog-ear 불만족,71,재단(SB Cutting),Steel  Belt,SB Dog-ear,SB Dog-ear 불만족
71벨트엣지테이프폴딩 폭 불만족,71,재단(SB Cutting),Steel  Belt,벨트엣지테이프폴딩 폭,벨트엣지테이프폴딩 폭 불만족
72바디플라이 원단확인 불만족,72,재단(Body Ply),Body Ply,바디플라이 원단확인,바디플라이 원단확인 불만족
72BP 재단 폭 불만족,72,재단(Body Ply),Body Ply,BP 재단 폭,BP 재단 폭 불만족
72보강테이프 위치 불만족,72,재단(Body Ply),Body Ply,보강테이프 위치,보강테이프 위치 불만족
72보강테이프 폭 불만족,72,재단(Body Ply),Body Ply,보강테이프 폭,보강테이프 폭 불만족
72오버랩 불만족,72,재단(Body Ply),Body Ply,오버랩,오버랩 불만족
73캡플라이 원단 불만족,73,재단(Cap Ply),Cap Ply,캡플라이 원단,캡플라이 원단 불만족
73슬리팅 폭 불만족,73,재단(Cap Ply),Cap Ply,슬리팅 폭,슬리팅 폭 불만족
80Bead To Bead 폭 불만족,80,성형(Building),Green Tire,Bead To Bead 폭,Bead To Bead 폭 불만족
80PA (IL+SW) 폭 불만족,80,성형(Building),Green Tire,PA (IL+SW) 폭,PA (IL+SW) 폭 불만족
80Inner Liner 폭 불만족,80,성형(Building),Green Tire,Inner Liner 폭,Inner Liner 폭 불만족
80Sidewall 폭 불만족,80,성형(Building),Green Tire,Sidewall 폭,Sidewall 폭 불만족
80G/T 바코드 부착 불만족,80,성형(Building),Green Tire,G/T 바코드 부착,G/T 바코드 부착 불만족
80BP전폭 불만족,80,성형(Building),Green Tire,BP전폭,BP전폭 불만족
80SB 각도 불만족,80,성형(Building),Green Tire,SB 각도,SB 각도 불만족
80Steel Belt 폭 불만족,80,성형(Building),Green Tire,Steel Belt 폭,Steel Belt 폭 불만족
80캡플라이 와인딩 외측 불만족,80,성형(Building),Green Tire,캡플라이 와인딩 외측,캡플라이 와인딩 외측 불만족
80트레드 전폭 불만족,80,성형(Building),Green Tire,트레드 전폭,트레드 전폭 불만족
80트레드 조인트 불만족,80,성형(Building),Green Tire,트레드 조인트,트레드 조인트 불만족
80G/T 중량 불만족,80,성형(Building),Green Tire,G/T 중량,G/T 중량 불만족
80G/T 원주 불만족,80,성형(Building),Green Tire,G/T 원주,G/T 원주 불만족
80트레드 조인트 불만족,80,성형(Building),Green Tire,트레드 조인트,트레드 조인트 불만족
80PA 좌우 편차 불만족,80,성형(Building),Green Tire,PA 좌우 편차,PA 좌우 편차 불만족
80트레드 반폭 좌우 편차 불만족,80,성형(Building),Green Tire,트레드 반폭 좌우 편차,트레드 반폭 좌우 편차 불만족
80 SB 좌우 편차 불만족,80,성형(Building),Green Tire, SB 좌우 편차, SB 좌우 편차 불만족
80 BP 좌우 편차 불만족,80,성형(Building),Green Tire, BP 좌우 편차, BP 좌우 편차 불만족
81GIP 분사상태 불만족,81,Green Tire Inside Paint,Green Tire,GIP 분사상태,GIP 분사상태 불만족
90몰드 문자 불만족,90,가류(Curing),완제품,몰드 문자,몰드 문자 불만족
90식출,90,가류(Curing),완제품,몰드 조립상태,식출
90뜯김,90,가류(Curing),완제품,"PCR 형상기준(뜯낌,착오,요철)",뜯김
90요철,90,가류(Curing),완제품,"PCR 외관기준(식출,롱토우,찍힘,굴곡)",요철
90식출,90,가류(Curing),완제품,PCR 외관기준,식출
90찍힘,90,가류(Curing),완제품,"PCR 외관기준(과가류,미가류)",찍힘
90이물입,90,가류(Curing),완제품,Green Case 오염,이물입
90과가류,90,가류(Curing),완제품,Green Case 오염,과가류
90미가류,90,가류(Curing),완제품,Green Case 오염,미가류
90오염,90,가류(Curing),완제품,Green Case 오염,오염
110부착력 불만족,110,흡음공정(영어),완제품,부착력,부착력 불만족
110부작 위치 불만족,110,흡음공정(영어),완제품,부작 위치,부작 위치 불만족
100완제품 외관검사 불만족,100,완제품 검사,완제품,완제품 외관검사,완제품 외관검사 불만족
100하중 불만족,100,완제품 검사,완제품,하중,하중 불만족
100공기압 불만족,100,완제품 검사,완제품,공기압,공기압 불만족
100RFV 불만족,100,완제품 검사,완제품,RFV,RFV 불만족
100LFV 불만족,100,완제품 검사,완제품,LFV,LFV 불만족
100R1H 불만족,100,완제품 검사,완제품,R1H,R1H 불만족
100R2H 불만족,100,완제품 검사,완제품,R2H,R2H 불만족
100CONICITY 불만족,100,완제품 검사,완제품,CONICITY,CONICITY 불만족
100TRRO 불만족,100,완제품 검사,완제품,TRRO,TRRO 불만족
100LRRO 불만족,100,완제품 검사,완제품,LRRO,LRRO 불만족
100DYNAMIC 불만족,100,완제품 검사,완제품,DYNAMIC,DYNAMIC 불만족
100STATIC 불만족,100,완제품 검사,완제품,STATIC,STATIC 불만족
100TIRE 내부 이물 불만족,100,완제품 검사,완제품,TIRE 내부 이물,TIRE 내부 이물 불만족
100코드 갭 불만족,100,완제품 검사,완제품,코드 갭,코드 갭 불만족
100SB 위치 불만족,100,완제품 검사,완제품,SB 위치,SB 위치 불만족
100Tire Appearance 불만족,100,완제품 검사,완제품,Tire Appearance,Tire Appearance 불만족
111미도포 불만족,111,실란트(영어),완제품,미도포,미도포 불만족
111과도포 불만족,111,실란트(영어),완제품,과도포,과도포 불만족
111이물질 불만족,111,실란트(영어),완제품,이물질,이물질 불만족
111RPA 불만족,111,실란트(영어),완제품,RPA,RPA 불만족
"120고속내구
FMVSS139 HSP 불만족",120,정기시험,완제품,"고속내구
FMVSS139 HSP","고속내구
FMVSS139 HSP 불만족"
"120일반내구
FMVSS139 END 불만족",120,정기시험,완제품,"일반내구
FMVSS139 END","일반내구
FMVSS139 END 불만족"
"120고속내구
ECE R30 불만족",120,정기시험,완제품,"고속내구
ECE R30","고속내구
ECE R30 불만족"
120Bead Unseating 불만족,120,정기시험,완제품,Bead Unseating,Bead Unseating 불만족
120Plunger Test 불만족,120,정기시험,완제품,Plunger Test,Plunger Test 불만족
"120고속트레드내구
ES 불만족",120,정기시험,완제품,"고속트레드내구
ES","고속트레드내구
ES 불만족"
"120하중증가내구
ES 불만족",120,정기시험,완제품,"하중증가내구
ES","하중증가내구
ES 불만족"
"120ROLLING 
RESISTANCE 불만족",120,정기시험,완제품,"ROLLING 
RESISTANCE","ROLLING 
RESISTANCE 불만족"
120Cornering Force 불만족,120,정기시험,완제품,Cornering Force,Cornering Force 불만족
"120PRAT
(PRCF) 불만족",120,정기시험,완제품,"PRAT
(PRCF)","PRAT
(PRCF) 불만족"
120Spring Rate 불만족,120,정기시험,완제품,Spring Rate,Spring Rate 불만족
"120CTL 측정
(완제품 Cut Sample) 불만족",120,정기시험,완제품,"CTL 측정
(완제품 Cut Sample)","CTL 측정
(완제품 Cut Sample) 불만족"
120캡트레드 점탄성 불만족,120,정기시험,완제품,캡트레드 점탄성,캡트레드 점탄성 불만족
120내오존성 성능 불만족,120,정기시험,완제품,내오존성 성능,내오존성 성능 불만족
120전기저항 불만족,120,정기시험,완제품,전기저항,전기저항 불만족
120Air Leakage 불만족,120,정기시험,완제품,Air Leakage,Air Leakage 불만족
120Flat Spot 불만족,120,정기시험,완제품,Flat Spot,Flat Spot 불만족
120Pinch Cut 불만족,120,정기시험,완제품,Pinch Cut,Pinch Cut 불만족
120Overall Diameter 불만족,120,정기시험,완제품,Overall Diameter,Overall Diameter 불만족
120Section Width 불만족,120,정기시험,완제품,Section Width,Section Width 불만족
120Weight 불만족,120,정기시험,완제품,Weight,Weight 불만족
120lead 불만족,120,정기시험,완제품,lead,lead 불만족
120Mercury 불만족,120,정기시험,완제품,Mercury,Mercury 불만족
120Cadmium 불만족,120,정기시험,완제품,Cadmium,Cadmium 불만족
"120Chromium
VI 불만족",120,정기시험,완제품,"Chromium
VI","Chromium
VI 불만족"
120유해물질 불만족,120,정기시험,완제품,유해물질,유해물질 불만족
,,,,,
,,,,,
,,,,,
,,,,,
고장원인,공정번호,항목,고장원인,,
00작업 표준서 미숙지로 인한 절차 누락,00,작업자       ,작업 표준서 미숙지로 인한 절차 누락,,
00과도한 작업속도로 인한 조립 불량,00,작업자       ,과도한 작업속도로 인한 조립 불량,,
00설비 셋업 시 파라미터 입력 실수,00,셋업엔지니어 ,설비 셋업 시 파라미터 입력 실수,,
00정기점검 누락으로 인한 부품 마모 방치,00,보전원       ,정기점검 누락으로 인한 부품 마모 방치,,
00부품 교환 주기 초과,00,보전원       ,부품 교환 주기 초과,,
00부적절한 적재로 인한 자재 파손,00,운반원       ,부적절한 적재로 인한 자재 파손,,
00이종원료 운반,00,운반원       ,이종원료 운반,,
00검사 기준 미준수로 인한 불량품 유출,00,검사원       ,검사 기준 미준수로 인한 불량품 유출,,
00온도 제어기 고장 또는 설정 오류 → 온도관리기준 이탈,00,작업환경,온도 제어기 고장 또는 설정 오류 → 온도관리기준 이탈,,
00습도 제어기 고장 또는 설정 오류 → 온도관리기준 이탈,00,작업환경,습도 제어기 고장 또는 설정 오류 → 온도관리기준 이탈,,
00청소 주기 미준수로 이물질 혼입,00,작업환경,청소 주기 미준수로 이물질 혼입,,
10협력업체 포장 불량,10,자재입고,협력업체 포장 불량,,
10지게차 충격에 의한 손상,10,자재입고,지게차 충격에 의한 손상,,
10비·바람에 의한 제품 오염,10,자재입고,비·바람에 의한 제품 오염,,
"10ID 카드 오발행,오부착, 미부착",10,자재입고,"ID 카드 오발행,오부착, 미부착",,
10작업자 입력 실수,10,자재입고,작업자 입력 실수,,
10사일로(Tank) 누수/발청,10,자재입고,사일로(Tank) 누수/발청,,
10창고 내 온습도 불안정,10,자재입고,창고 내 온습도 불안정,,
10원단 포장 불량,10,자재입고,원단 포장 불량,,
10약품 포장 불량,10,자재입고,약품 포장 불량,,
"10작업자의 작업 숙련도 부족,실수",10,자재입고,"작업자의 작업 숙련도 부족,실수",,
10시스템 오류로 인한 오규격 출고,10,자재입고,시스템 오류로 인한 오규격 출고,,
10계절 변경에 따른 온도 설정 불량,10,자재입고,계절 변경에 따른 온도 설정 불량,,
11온도센서 고장,11,가온,온도센서 고장,,
11공조기 고장,11,가온,공조기 고장,,
11가온시간 부족,11,가온,가온시간 부족,,
20시험자의 시료 채취 오류,20,수입검사,시험자의 시료 채취 오류,,
20시험원 적격성 부족,20,수입검사,시험원 적격성 부족,,
20검교정 주기 오설정 및 주기 미준수,20,수입검사,검교정 주기 오설정 및 주기 미준수,,
20검사설비고장으로 인한 검사값 오류,20,수입검사,검사설비고장으로 인한 검사값 오류,,
20잘못된 검사 조건/세팅으로 인한 검사값 오류,20,수입검사,잘못된 검사 조건/세팅으로 인한 검사값 오류,,
30고장원인(최종 통합 카테고리),30,정련,고장원인(최종 통합 카테고리),,
31계량기 오류(오일/고무/필러/약품 등 모든 계량설비 포함),31,MB Mixing,계량기 오류(오일/고무/필러/약품 등 모든 계량설비 포함),,
31약품 투입 오류(작업자 오투입/작업지침 오적용/약품백 손상),31,MB Mixing,약품 투입 오류(작업자 오투입/작업지침 오적용/약품백 손상),,
31자재 이동 오류(작업자 오이동),31,MB Mixing,자재 이동 오류(작업자 오이동),,
31필러 투입 오류(작업자 오투입),31,MB Mixing,필러 투입 오류(작업자 오투입),,
31사일로/PCS 공급 시스템 이상,31,MB Mixing,사일로/PCS 공급 시스템 이상,,
31믹서기 투입 배관 이상,31,MB Mixing,믹서기 투입 배관 이상,,
31작업자 투입 실수(전반),31,MB Mixing,작업자 투입 실수(전반),,
31예열 부족 및 가온 부족(계절·설비 요인 포함),31,MB Mixing,예열 부족 및 가온 부족(계절·설비 요인 포함),,
31온도 제어 시스템 이상(온도컨트롤러·센서·공조기),31,MB Mixing,온도 제어 시스템 이상(온도컨트롤러·센서·공조기),,
31설비 투입 불량(걸림 등),31,MB Mixing,설비 투입 불량(걸림 등),,
31주변 청소 미흡,31,MB Mixing,주변 청소 미흡,,
31믹싱 조건 설정 오류(사람/설비/온도/시간/RPM),31,MB Mixing,믹싱 조건 설정 오류(사람/설비/온도/시간/RPM),,
31믹서기 설비 이상,31,MB Mixing,믹서기 설비 이상,,
31SPM 설비 이상,31,MB Mixing,SPM 설비 이상,,
31프레스 눌림력 저하,31,MB Mixing,프레스 눌림력 저하,,
31방착제 교반기 이상,31,MB Mixing,방착제 교반기 이상,,
31BOM 설비 이상,31,MB Mixing,BOM 설비 이상,,
31적재 설비 이상 및 과다 적재,31,MB Mixing,적재 설비 이상 및 과다 적재,,
31ID 카드 오류(오발행/오부착/미부착),31,MB Mixing,ID 카드 오류(오발행/오부착/미부착),,
31숙성기간 미준수,31,MB Mixing,숙성기간 미준수,,
31이종 고무 이동(작업자 실수),31,MB Mixing,이종 고무 이동(작업자 실수),,
32계량기 오류(오일/고무/필러/약품 등 모든 계량설비 포함),32,FB Mixing,계량기 오류(오일/고무/필러/약품 등 모든 계량설비 포함),,
32약품 투입 오류(작업자 오투입/작업지침 오적용/약품백 손상),32,FB Mixing,약품 투입 오류(작업자 오투입/작업지침 오적용/약품백 손상),,
32자재 이동 오류(작업자 오이동),32,FB Mixing,자재 이동 오류(작업자 오이동),,
32작업자 투입 실수(전반),32,FB Mixing,작업자 투입 실수(전반),,
32온도 제어 시스템 이상(온도컨트롤러·센서·공조기),32,FB Mixing,온도 제어 시스템 이상(온도컨트롤러·센서·공조기),,
32설비 투입 불량(걸림 등),32,FB Mixing,설비 투입 불량(걸림 등),,
32주변 청소 미흡,32,FB Mixing,주변 청소 미흡,,
32믹싱 조건 설정 오류(사람/설비/온도/시간/RPM),32,FB Mixing,믹싱 조건 설정 오류(사람/설비/온도/시간/RPM),,
32믹서기 설비 이상,32,FB Mixing,믹서기 설비 이상,,
32SPM 설비 이상,32,FB Mixing,SPM 설비 이상,,
32프레스 눌림력 저하,32,FB Mixing,프레스 눌림력 저하,,
32방착제 교반기 이상,32,FB Mixing,방착제 교반기 이상,,
32BOM 설비 이상,32,FB Mixing,BOM 설비 이상,,
32적재 설비 이상 및 과다 적재,32,FB Mixing,적재 설비 이상 및 과다 적재,,
32ID 카드 오류(오발행/오부착/미부착),32,FB Mixing,ID 카드 오류(오발행/오부착/미부착),,
32자동 샘플링 장치 고장,32,FB Mixing,자동 샘플링 장치 고장,,
32숙성기간 미준수,32,FB Mixing,숙성기간 미준수,,
32이종 고무 이동(작업자 실수),32,FB Mixing,이종 고무 이동(작업자 실수),,
33검사원·시험원의 시료 채취/판정 오류,33,MILL CON,검사원·시험원의 시료 채취/판정 오류,,
33검교정 미준수 및 설정 오류,33,MILL CON,검교정 미준수 및 설정 오류,,
33검사 조건·세팅 오류,33,MILL CON,검사 조건·세팅 오류,,
33검사설비/시험기 고장 및 관리 미흡,33,MILL CON,검사설비/시험기 고장 및 관리 미흡,,
33냉난방기 등 환경설비 고장,33,MILL CON,냉난방기 등 환경설비 고장,,
40태그/ID카드 오류(오발행·오부착·미부착),40,압출,태그/ID카드 오류(오발행·오부착·미부착),,
40이종 컴파운드 투입 신고,40,압출,이종 컴파운드 투입 신고,,
40컨베이어 고장·오작동,40,압출,컨베이어 고장·오작동,,
40주변 청소 미흡,40,압출,주변 청소 미흡,,
40금속검출기 오작동,40,압출,금속검출기 오작동,,
40컨베이어 속도 프로그램 오류,40,압출,컨베이어 속도 프로그램 오류,,
40작업자 취급 실수,40,압출,작업자 취급 실수,,
40잔여물 청소 미흡,40,압출,잔여물 청소 미흡,,
41예열 미실시(기준 온도 미달),41,압출 (TREAD),예열 미실시(기준 온도 미달),,
41예열기 고장,41,압출 (TREAD),예열기 고장,,
41이종 다이 장착,41,압출 (TREAD),이종 다이 장착,,
41작업지침서 오발행·오기입,41,압출 (TREAD),작업지침서 오발행·오기입,,
41압출기 오작동(설비 오류),41,압출 (TREAD),압출기 오작동(설비 오류),,
41문자 마킹기 오류·고장·잉크부족,41,압출 (TREAD),문자 마킹기 오류·고장·잉크부족,,
41색선 기기 오류·고장·잉크부족,41,압출 (TREAD),색선 기기 오류·고장·잉크부족,,
41냉각수 온도 이상,41,압출 (TREAD),냉각수 온도 이상,,
41냉각 스프레이 장치 이상,41,압출 (TREAD),냉각 스프레이 장치 이상,,
41냉각수 관리 미흡→오염,41,압출 (TREAD),냉각수 관리 미흡→오염,,
41워터블로우 설비 오작동·고장,41,압출 (TREAD),워터블로우 설비 오작동·고장,,
41측정설비 이상·정지,41,압출 (TREAD),측정설비 이상·정지,,
41캘리브레이션 미실시,41,압출 (TREAD),캘리브레이션 미실시,,
41스캔 Spec 미업데이트,41,압출 (TREAD),스캔 Spec 미업데이트,,
41라이너 오염,41,압출 (TREAD),라이너 오염,,
41에이징 시간 미준수,41,압출 (TREAD),에이징 시간 미준수,,
41반제품 창고 고장(랙 붕괴/시스템 이상),41,압출 (TREAD),반제품 창고 고장(랙 붕괴/시스템 이상),,
42프리킹 핀 파손·마모,42,압출 (Side Wall),프리킹 핀 파손·마모,,
50ID-Card 오류(오발행·오부착·미확인),50,압연,ID-Card 오류(오발행·오부착·미확인),,
50선입선출 미준수,50,압연,선입선출 미준수,,
50PDA 고장,50,압연,PDA 고장,,
50대기시간 미준수,50,압연,대기시간 미준수,,
51온습도 관리 미준수,51,크릴룸 (Creel Room),온습도 관리 미준수,,
52핑거롤 장치 이상,52,압연(Steel Cord),핑거롤 장치 이상,,
52Roll 마모·갭 조정 오류,52,압연(Steel Cord),Roll 마모·갭 조정 오류,,
52뱅크량 조절 미흡,52,압연(Steel Cord),뱅크량 조절 미흡,,
52원단 EPI 불량,52,압연(Steel Cord),원단 EPI 불량,,
52버블버스터 오작동,52,압연(Steel Cord),버블버스터 오작동,,
52버블버스터 나이프 마모,52,압연(Steel Cord),버블버스터 나이프 마모,,
52쿨링드럼 입출수 온도 이상,52,압연(Steel Cord),쿨링드럼 입출수 온도 이상,,
52자동두께측정기 고장,52,압연(Steel Cord),자동두께측정기 고장,,
52패스토너 구동계 이상,52,압연(Steel Cord),패스토너 구동계 이상,,
52와인딩 브레이크 압력 이상,52,압연(Steel Cord),와인딩 브레이크 압력 이상,,
52와인딩 센서 이상,52,압연(Steel Cord),와인딩 센서 이상,,
52라이너 오염,52,압연(Steel Cord),라이너 오염,,
52에이징 시간 미준수,52,압연(Steel Cord),에이징 시간 미준수,,
52반제품 창고 설비 이상,52,압연(Steel Cord),반제품 창고 설비 이상,,
52보관시간 미준수,52,압연(Steel Cord),보관시간 미준수,,
52습도 인디케이터 초과 사용,52,압연(Steel Cord),습도 인디케이터 초과 사용,,
52스풀 좌우 권취 이상,52,압연(Steel Cord),스풀 좌우 권취 이상,,
52피치바 오사용,52,압연(Steel Cord),피치바 오사용,,
52온습도 관리 시스템 오작동,52,압연(Steel Cord),온습도 관리 시스템 오작동,,
52공조시스템 오작동,52,압연(Steel Cord),공조시스템 오작동,,
52고무 내 이물혼입,52,압연(Steel Cord),고무 내 이물혼입,,
52비닐 색상 오사용,52,압연(Steel Cord),비닐 색상 오사용,,
52폭 설정 오류,52,압연(Steel Cord),폭 설정 오류,,
52슬리팅 나이프 마모,52,압연(Steel Cord),슬리팅 나이프 마모,,
53Textile Cord 권취 불량,53,압연(Fabric Cord),Textile Cord 권취 불량,,
53지게차 이동 중 원단 손상,53,압연(Fabric Cord),지게차 이동 중 원단 손상,,
53권취 중 원단 낙하,53,압연(Fabric Cord),권취 중 원단 낙하,,
53이종 컴파운드 투입신고,53,압연(Fabric Cord),이종 컴파운드 투입신고,,
53주변 청소 미흡,53,압연(Fabric Cord),주변 청소 미흡,,
53피딩 컨베이어 고장·오작동,53,압연(Fabric Cord),피딩 컨베이어 고장·오작동,,
53금속검출기 오작동,53,압연(Fabric Cord),금속검출기 오작동,,
54렛오프 패스투너 오작동,54,압연 (Inner),렛오프 패스투너 오작동,,
54렛오프 패스투너 속도 오기입,54,압연 (Inner),렛오프 패스투너 속도 오기입,,
54드라이어 드럼 온도 이상,54,압연 (Inner),드라이어 드럼 온도 이상,,
54압출기 고무 온도 이상,54,압연 (Inner),압출기 고무 온도 이상,,
54트윈밀 고무 온도 이상,54,압연 (Inner),트윈밀 고무 온도 이상,,
60토핑 양품기준 미숙지,60,비드,토핑 양품기준 미숙지,,
60대차 비드 오적재,60,비드,대차 비드 오적재,,
60비드 규격 미확인,60,비드,비드 규격 미확인,,
60선입선출 미준수,60,비드,선입선출 미준수,,
60ID-Card 오발행,60,비드,ID-Card 오발행,,
60태그 오발행,60,비드,태그 오발행,,
60이종 컴파운드 투입,60,비드,이종 컴파운드 투입,,
60주변 청소 미흡,60,비드,주변 청소 미흡,,
60피딩 컨베이어 고장·오작동,60,비드,피딩 컨베이어 고장·오작동,,
60압출기 TCU 온도 이상,60,비드,압출기 TCU 온도 이상,,
60고무 이물 혼입,60,비드,고무 이물 혼입,,
60다이 손상·미교체,60,비드,다이 손상·미교체,,
60작업조건 오설정,60,비드,작업조건 오설정,,
61비드와이어 규격 미확인,61,비드와이어,비드와이어 규격 미확인,,
61금속검출기 오작동,61,비드와이어,금속검출기 오작동,,
61다이 오사용·마모·파손,61,비드와이어,다이 오사용·마모·파손,,
61TCU 온도 이상,61,비드와이어,TCU 온도 이상,,
61칠러 미작동,61,비드와이어,칠러 미작동,,
61쿨링드럼 온도 미확인,61,비드와이어,쿨링드럼 온도 미확인,,
61어플리케이터 각도 오세팅,61,비드와이어,어플리케이터 각도 오세팅,,
61어플리케이터·Filler 형상 불일치,61,비드와이어,어플리케이터·Filler 형상 불일치,,
61수동 측정 누락,61,비드와이어,수동 측정 누락,,
61나이프 마모·온도 이상,61,비드와이어,나이프 마모·온도 이상,,
61측정장비 신뢰도 미흡,61,비드와이어,측정장비 신뢰도 미흡,,
61중량측정장치 오작동,61,비드와이어,중량측정장치 오작동,,
61중량 Spec 등록값 이상,61,비드와이어,중량 Spec 등록값 이상,,
61렛오프 브레이크 압력 이상,61,비드와이어,렛오프 브레이크 압력 이상,,
61렛오프 브레이크 압력 미확인,61,비드와이어,렛오프 브레이크 압력 미확인,,
61와이어 예열장치 이상,61,비드와이어,와이어 예열장치 이상,,
61예열온도 기준 미확인·오세팅,61,비드와이어,예열온도 기준 미확인·오세팅,,
61포머 오사용,61,비드와이어,포머 오사용,,
62이종 원단 투입,62,비드필러,이종 원단 투입,,
62부착 위치 오설정,62,비드필러,부착 위치 오설정,,
62Cutter 나이프 마모·오염,62,비드필러,Cutter 나이프 마모·오염,,
62작업지침서 오발행,62,비드필러,작업지침서 오발행,,
62어플리케이터 롤 이상,62,비드필러,어플리케이터 롤 이상,,
62비드 프로텍터 색상 오류,62,비드필러,비드 프로텍터 색상 오류,,
62비드 프로텍터 파손·손상,62,비드필러,비드 프로텍터 파손·손상,,
62로봇스테이션 누유,62,비드필러,로봇스테이션 누유,,
70호이스트 오작동,70,재단,호이스트 오작동,,
70유효기간 미준수,70,재단,유효기간 미준수,,
70ID-Card 미확인·미투입 신고 원단 강제투입,70,재단,ID-Card 미확인·미투입 신고 원단 강제투입,,
71작업자 강제작업,71,재단(SB Cutting),작업자 강제작업,,
71와인딩 브레이크 압력 이상,71,재단(SB Cutting),와인딩 브레이크 압력 이상,,
71CPC 센서 이상,71,재단(SB Cutting),CPC 센서 이상,,
71라이너 오염,71,재단(SB Cutting),라이너 오염,,
71각도·폭 설정 오류,71,재단(SB Cutting),각도·폭 설정 오류,,
71지퍼롤·머티리얼 픽스 마모,71,재단(SB Cutting),지퍼롤·머티리얼 픽스 마모,,
71나이프 위치 세팅 오류,71,재단(SB Cutting),나이프 위치 세팅 오류,,
71고무 미부착,71,재단(SB Cutting),고무 미부착,,
71조인트 폭 과다·과소,71,재단(SB Cutting),조인트 폭 과다·과소,,
71점착력 저하,71,재단(SB Cutting),점착력 저하,,
72보강재 고무 이종투입,72,재단(BP Cutting),보강재 고무 이종투입,,
72보강재 고무 폭 미확인,72,재단(BP Cutting),보강재 고무 폭 미확인,,
72보강재 고무 부착위치 오류,72,재단(BP Cutting),보강재 고무 부착위치 오류,,
72프리킹 롤 온도 이상,72,재단(BP Cutting),프리킹 롤 온도 이상,,
72프리킹 핀 손상,72,재단(BP Cutting),프리킹 핀 손상,,
72폭 설정 오세팅,72,재단(BP Cutting),폭 설정 오세팅,,
72메인 나이프 마모,72,재단(BP Cutting),메인 나이프 마모,,
72오버랩 스플라이서 오작동,72,재단(BP Cutting),오버랩 스플라이서 오작동,,
72재단 컨베이어 오작동,72,재단(BP Cutting),재단 컨베이어 오작동,,
72미토핑 육안 미확인,72,재단(BP Cutting),미토핑 육안 미확인,,
72비전카메라 오작동,72,재단(BP Cutting),비전카메라 오작동,,
73슬리팅 나이프 마모,73,재단(Capply),슬리팅 나이프 마모,,
73작업자 나이프 셋업 오류(코드수 미확인),73,재단(Capply),작업자 나이프 셋업 오류(코드수 미확인),,
73보빈쉘 색상 오류,73,재단(Capply),보빈쉘 색상 오류,,
73보빈쉘 오염·파손,73,재단(Capply),보빈쉘 오염·파손,,
73캡플라이 장력 스펙아웃,73,재단(Capply),캡플라이 장력 스펙아웃,,
80잘못된 반제품 투입·반제품 선입선출 미준수·반제품 대차 RFID 파손,80,성형(Building),잘못된 반제품 투입·반제품 선입선출 미준수·반제품 대차 RFID 파손,,
80성형 Tool 규격 미적합 세팅·성형 Tool 마모·성형 Tool 파손,80,성형(Building),성형 Tool 규격 미적합 세팅·성형 Tool 마모·성형 Tool 파손,,
80작업지침서 오발행·작업조건 오설정,80,성형(Building),작업지침서 오발행·작업조건 오설정,,
80PA 오버랩 위치·폭·길이 오설정·PA 센터링 오설정·PA 커팅 나이프 마모·PA 커팅 나이프 오염·이너라이너·사이드월 눌림롤 위치 이상,80,성형(Building),PA 오버랩 위치·폭·길이 오설정·PA 센터링 오설정·PA 커팅 나이프 마모·PA 커팅 나이프 오염·이너라이너·사이드월 눌림롤 위치 이상,,
80바코드 위치 오설정·바코드 오염,80,성형(Building),바코드 위치 오설정·바코드 오염,,
80PA 어플리케이터 오작동·PA 컨베이어 오작동·PA 길이 측정 센서 오작동·PA 전폭 측정 카메라 오작동·멀티 디스크 롤 이상·PA 와인딩 셋업 조건 이상,80,성형(Building),PA 어플리케이터 오작동·PA 컨베이어 오작동·PA 길이 측정 센서 오작동·PA 전폭 측정 카메라 오작동·멀티 디스크 롤 이상·PA 와인딩 셋업 조건 이상,,
80BP 폭·길이 세팅 오류·BP 센터링 오설정·BP 커팅 나이프 마모·BP 커팅 나이프 오염,80,성형(Building),BP 폭·길이 세팅 오류·BP 센터링 오설정·BP 커팅 나이프 마모·BP 커팅 나이프 오염,,
80BP 어플리케이터 오작동·BP 컨베이어 오작동·BP 길이 측정 센서 오작동·BP 전폭 측정 카메라 오작동·멀티 디스크 롤 이상·BP 와인딩 셋업 조건 이상,80,성형(Building),BP 어플리케이터 오작동·BP 컨베이어 오작동·BP 길이 측정 센서 오작동·BP 전폭 측정 카메라 오작동·멀티 디스크 롤 이상·BP 와인딩 셋업 조건 이상,,
80비드 세터 오설정·로봇스테이션 오작동·비드 서포터 파손·비드 오안착,80,성형(Building),비드 세터 오설정·로봇스테이션 오작동·비드 서포터 파손·비드 오안착,,
80SB 폭·길이·각도 세팅 오류·SB 센터링 오설정·SB 커팅 나이프 마모·SB 커팅 나이프 오염,80,성형(Building),SB 폭·길이·각도 세팅 오류·SB 센터링 오설정·SB 커팅 나이프 마모·SB 커팅 나이프 오염,,
80SB 어플리케이터 오작동·SB 컨베이어 오작동·SB 길이 측정 센서 오작동·SB 전폭 측정 카메라 오작동·SB 와인딩 셋업 조건 이상·SB1/SB2 와인딩 누락·벨트드럼 외주 오설정,80,성형(Building),SB 어플리케이터 오작동·SB 컨베이어 오작동·SB 길이 측정 센서 오작동·SB 전폭 측정 카메라 오작동·SB 와인딩 셋업 조건 이상·SB1/SB2 와인딩 누락·벨트드럼 외주 오설정,,
80캡플라이 이탈·캡플라이 준비 조인트 터짐,80,성형(Building),캡플라이 이탈·캡플라이 준비 조인트 터짐,,
80캡플라이 작업지침서 오발행·캡플라이 센터링 이상·캡플라이 장력 이상·캡플라이 스타트 롤 작동 이상,80,성형(Building),캡플라이 작업지침서 오발행·캡플라이 센터링 이상·캡플라이 장력 이상·캡플라이 스타트 롤 작동 이상,,
80TR 폭·길이 세팅 오류·TR 센터링 오설정·TR 커팅 나이프 마모·TR 커팅 나이프 오염,80,성형(Building),TR 폭·길이 세팅 오류·TR 센터링 오설정·TR 커팅 나이프 마모·TR 커팅 나이프 오염,,
80TR 어플리케이터 오작동·TR 컨베이어 오작동·TR 길이 측정 센서 오작동·TR 전폭 측정 카메라 오작동·멀티 디스크 롤 이상·TR 와인딩 셋업 조건 이상,80,성형(Building),TR 어플리케이터 오작동·TR 컨베이어 오작동·TR 길이 측정 센서 오작동·TR 전폭 측정 카메라 오작동·멀티 디스크 롤 이상·TR 와인딩 셋업 조건 이상,,
80쉐이핑 조건 오설정·압력 에어 탱크 장치 이상(쉐이핑 압력 누설),80,성형(Building),쉐이핑 조건 오설정·압력 에어 탱크 장치 이상(쉐이핑 압력 누설),,
80스티칭 조건 오설정·콤비 스티쳐 오작동·센터롤 오작동·점착력 부족·반제품 전폭 이상,80,성형(Building),스티칭 조건 오설정·콤비 스티쳐 오작동·센터롤 오작동·점착력 부족·반제품 전폭 이상,,
80G/T 중량계 오작동·G/T 중량 미측정·반제품 누락·G/T 중량 스펙 오기입,80,성형(Building),G/T 중량계 오작동·G/T 중량 미측정·반제품 누락·G/T 중량 스펙 오기입,,
90잘못된 반제품 투입,90,가류(Curing),잘못된 반제품 투입,,
90반제품 선입선출 미준수,90,가류(Curing),반제품 선입선출 미준수,,
90스프레이건 파손,90,가류(Curing),스프레이건 파손,,
90Series/Inch 세팅 오류,90,가류(Curing),Series/Inch 세팅 오류,,
90분사노즐 막힘·파손,90,가류(Curing),분사노즐 막힘·파손,,
90GT 로더 파손,90,가류(Curing),GT 로더 파손,,
90바코드 손상·인식 오류,90,가류(Curing),바코드 손상·인식 오류,,
90미도포 GT 수동공급,90,가류(Curing),미도포 GT 수동공급,,
90창고 시스템 시간설정 오류,90,가류(Curing),창고 시스템 시간설정 오류,,
90몰드 오조립,90,가류(Curing),몰드 오조립,,
90몰드 찍힘,90,가류(Curing),몰드 찍힘,,
90가류설비 고장,90,가류(Curing),가류설비 고장,,
90중량물 취급 부주의,90,가류(Curing),중량물 취급 부주의,,
90몰드 교체 비가동 로스,90,가류(Curing),몰드 교체 비가동 로스,,
90몰드 표면온도 미확인,90,가류(Curing),몰드 표면온도 미확인,,
90JMU 방향성 오설정,90,가류(Curing),JMU 방향성 오설정,,
90JMU 고장,90,가류(Curing),JMU 고장,,
90EMS 고장·통신에러,90,가류(Curing),EMS 고장·통신에러,,
90오위치 언로딩,90,가류(Curing),오위치 언로딩,,
90브라다 설정 오류,90,가류(Curing),브라다 설정 오류,,
90이종 브라다 반출,90,가류(Curing),이종 브라다 반출,,
90브라다 외관 불량,90,가류(Curing),브라다 외관 불량,,
90작업자 도포 불량,90,가류(Curing),작업자 도포 불량,,
90이형제 미건조,90,가류(Curing),이형제 미건조,,
90이종 브라다 장착,90,가류(Curing),이종 브라다 장착,,
90브라다 장착 미흡,90,가류(Curing),브라다 장착 미흡,,
90브라다 사용횟수 초과,90,가류(Curing),브라다 사용횟수 초과,,
90복원장치 로더 거리 오세팅,90,가류(Curing),복원장치 로더 거리 오세팅,,
90피딩 컨베이어 안착불량,90,가류(Curing),피딩 컨베이어 안착불량,,
90클램프 압력 이상,90,가류(Curing),클램프 압력 이상,,
90MES 전송 오류,90,가류(Curing),MES 전송 오류,,
90가류 스팀공급 이상,90,가류(Curing),가류 스팀공급 이상,,
90프레스 설정시간 오류,90,가류(Curing),프레스 설정시간 오류,,
90브라다 터짐,90,가류(Curing),브라다 터짐,,
90예열시간 부족,90,가류(Curing),예열시간 부족,,
90PCI 압력밸브 이상,90,가류(Curing),PCI 압력밸브 이상,,
90PCI 장착불량,90,가류(Curing),PCI 장착불량,,
90PCI 작업지침서 오발행,90,가류(Curing),PCI 작업지침서 오발행,,
90PCI In/Out 시간 오설정,90,가류(Curing),PCI In/Out 시간 오설정,,
90PCI 흄청소 미흡,90,가류(Curing),PCI 흄청소 미흡,,
90타이어 감지센서 오작동,90,가류(Curing),타이어 감지센서 오작동,,
90컨베이어 스톱바 고장,90,가류(Curing),컨베이어 스톱바 고장,,
90몰드 문자·각인 오류,90,가류(Curing),몰드 문자·각인 오류,,
90몰드 잘못된 제작,90,가류(Curing),몰드 잘못된 제작,,
90몰드 검수 누락,90,가류(Curing),몰드 검수 누락,,
90몰드 청소 미실시,90,가류(Curing),몰드 청소 미실시,,
90샌딩/레이저 청소기 고장,90,가류(Curing),샌딩/레이저 청소기 고장,,
90드릴·바이브레이터 고장,90,가류(Curing),드릴·바이브레이터 고장,,
90잘못된 몰드 조립,90,가류(Curing),잘못된 몰드 조립,,
90공조시스템 고장(습도관리),90,가류(Curing),공조시스템 고장(습도관리),,
90자동화창고 Stacker 오작동,90,가류(Curing),자동화창고 Stacker 오작동,,
90카트리지 RFID 파손,90,가류(Curing),카트리지 RFID 파손,,
90성형 Tool 세팅 불량,90,가류(Curing),성형 Tool 세팅 불량,,
90성형 Tool 마모·파손,90,가류(Curing),성형 Tool 마모·파손,,
90작업자 작업조건 오세팅,90,가류(Curing),작업자 작업조건 오세팅,,
90오버랩·PA폭·길이 오설정,90,가류(Curing),오버랩·PA폭·길이 오설정,,
90PA 센터링 오설정,90,가류(Curing),PA 센터링 오설정,,
90PA 커팅 나이프 마모·오염,90,가류(Curing),PA 커팅 나이프 마모·오염,,
90IL/SW 눌림롤 위치 이상,90,가류(Curing),IL/SW 눌림롤 위치 이상,,
90바코드 위치 오설정·오염,90,가류(Curing),바코드 위치 오설정·오염,,
90PA 어플리케이터 오작동,90,가류(Curing),PA 어플리케이터 오작동,,
90PA 컨베이어 오작동,90,가류(Curing),PA 컨베이어 오작동,,
90PA 길이센서 오작동,90,가류(Curing),PA 길이센서 오작동,,
90멀티디스크 롤 이상,90,가류(Curing),멀티디스크 롤 이상,,
90와인딩 셋업 조건 이상,90,가류(Curing),와인딩 셋업 조건 이상,,
90PA 전폭 카메라 오작동,90,가류(Curing),PA 전폭 카메라 오작동,,
90BP 폭·길이 오설정,90,가류(Curing),BP 폭·길이 오설정,,
90BP 센터링 오설정,90,가류(Curing),BP 센터링 오설정,,
90BP 커팅 나이프 마모·오염,90,가류(Curing),BP 커팅 나이프 마모·오염,,
90BP 어플리케이터 오작동,90,가류(Curing),BP 어플리케이터 오작동,,
90BP 컨베이어 오작동,90,가류(Curing),BP 컨베이어 오작동,,
90BP 길이센서 오작동,90,가류(Curing),BP 길이센서 오작동,,
90BP 전폭 카메라 오작동,90,가류(Curing),BP 전폭 카메라 오작동,,
90비드세터 오세팅,90,가류(Curing),비드세터 오세팅,,
90로봇스테이션 오작동,90,가류(Curing),로봇스테이션 오작동,,
90비드 서포터 파손,90,가류(Curing),비드 서포터 파손,,
90비드 오안착,90,가류(Curing),비드 오안착,,
90SB 폭·길이·각도 오설정,90,가류(Curing),SB 폭·길이·각도 오설정,,
90SB 센터링 오설정,90,가류(Curing),SB 센터링 오설정,,
90SB 커팅 나이프 마모·오염,90,가류(Curing),SB 커팅 나이프 마모·오염,,
90SB 어플리케이터 오작동,90,가류(Curing),SB 어플리케이터 오작동,,
90SB 컨베이어 오작동,90,가류(Curing),SB 컨베이어 오작동,,
90SB 길이센서 오작동,90,가류(Curing),SB 길이센서 오작동,,
90SB 전폭 카메라 오작동,90,가류(Curing),SB 전폭 카메라 오작동,,
90SB1·SB2 와인딩 누락,90,가류(Curing),SB1·SB2 와인딩 누락,,
90벨트드럼 외주 오세팅,90,가류(Curing),벨트드럼 외주 오세팅,,
90캡플라이 이탈,90,가류(Curing),캡플라이 이탈,,
90준비조인트 터짐,90,가류(Curing),준비조인트 터짐,,
90캡플라이 장력 이상,90,가류(Curing),캡플라이 장력 이상,,
90캡플라이 스타트롤 오작동,90,가류(Curing),캡플라이 스타트롤 오작동,,
90TR 폭·길이 오설정,90,가류(Curing),TR 폭·길이 오설정,,
90TR 센터링 오설정,90,가류(Curing),TR 센터링 오설정,,
90TR 커팅 나이프 마모·오염,90,가류(Curing),TR 커팅 나이프 마모·오염,,
90TR 어플리케이터 오작동,90,가류(Curing),TR 어플리케이터 오작동,,
90TR 컨베이어 오작동,90,가류(Curing),TR 컨베이어 오작동,,
90TR 길이센서 오작동,90,가류(Curing),TR 길이센서 오작동,,
90TR 전폭 카메라 오작동,90,가류(Curing),TR 전폭 카메라 오작동,,
90쉐이핑 조건 오설정,90,가류(Curing),쉐이핑 조건 오설정,,
90쉐이핑 압력누설(에어탱크 이상),90,가류(Curing),쉐이핑 압력누설(에어탱크 이상),,
90스티칭 조건 오설정,90,가류(Curing),스티칭 조건 오설정,,
90콤비스티쳐·센터롤 오작동,90,가류(Curing),콤비스티쳐·센터롤 오작동,,
90점착력 부족,90,가류(Curing),점착력 부족,,
90반제품 전폭 이상,90,가류(Curing),반제품 전폭 이상,,
90GT 중량기 오작동,90,가류(Curing),GT 중량기 오작동,,
90GT 중량 미측정,90,가류(Curing),GT 중량 미측정,,
90반제품 누락,90,가류(Curing),반제품 누락,,
90GT 중량스펙 오기입,90,가류(Curing),GT 중량스펙 오기입,,
100고장원인(통합),100,완제품검사(Inpection),고장원인(통합),,
100트리머 설비 이상,100,완제품검사(Inpection),트리머 설비 이상,,
100검사원 숙련도 부족·검사원 실수,100,완제품검사(Inpection),검사원 숙련도 부족·검사원 실수,,
100검사설비 이상·검사조건 오설정,100,완제품검사(Inpection),검사설비 이상·검사조건 오설정,,
100X-ray 설비 이상·검사원 숙련도 부족·판별 실수,100,완제품검사(Inpection),X-ray 설비 이상·검사원 숙련도 부족·판별 실수,,
100S/G 설비 이상·검사원 숙련도 부족·판별 실수,100,완제품검사(Inpection),S/G 설비 이상·검사원 숙련도 부족·판별 실수,,
100출하검사서 오발행,100,완제품검사(Inpection),출하검사서 오발행,,
111분사모터 속도 불안정,111,실란트(영어),분사모터 속도 불안정,,
111회전구동부 베어링 마모,111,실란트(영어),회전구동부 베어링 마모,,
111노즐 위치 오정렬,111,실란트(영어),노즐 위치 오정렬,,
111혼합기 타이머 설정 오류,111,실란트(영어),혼합기 타이머 설정 오류,,
111내면 잔류물 미제거,111,실란트(영어),내면 잔류물 미제거,,
111가교온도/시간 제어 불량,111,실란트(영어),가교온도/시간 제어 불량,,
110접착면 오염 잔존,110,흡음고정(영어),접착면 오염 잔존,,
110글루 펌프 토출량 변동,110,흡음고정(영어),글루 펌프 토출량 변동,,
110폼 공급 위치 불균일,110,흡음고정(영어),폼 공급 위치 불균일,,
110지그 정렬 불량,110,흡음고정(영어),지그 정렬 불량,,
110중량센서 오차 증가,110,흡음고정(영어),중량센서 오차 증가,,
120측정장비 보정 불량,120,정기시험,측정장비 보정 불량,,
,,,,,
,,,,,
,,,,,
,,,,,
,,,,,
,,,,,
예방관리,,,,,
입고품 점검 체크시트 운영,,,,,
업체 성적서 검증,,,,,
업체 Tag/ID·바코드 교차 확인,,,,,
수입검사 미완료품 투입 차단,,,,,
수입검사 완료 제품 승인 관리,,,,,
검사원·시험원 자격 인증 및 갱신,,,,,
계측기 정기 검교정,,,,,
계측기 일상 점검,,,,,
정기 예방보전(PM),,,,,
설비 일상 점검,,,,,
Error Proof 시스템 운영,,,,,
설비 Recipe 이중확인,,,,,
설비·공정 온도 모니터링,,,,,
온습도 모니터링 및 기록,,,,,
작업자 정기 교육·OPL,,,,,
투입·작업 전 Cross Check,,,,,
작업지침서·HMI 설정 확인,,,,,
바코드/RFID 투입신고,,,,,
선입선출(FIFO) 관리,,,,,
현물·마킹·ID Card 확인,,,,,
작업자 육안검사 표준 운영,,,,,
폭·길이·중량 자동측정,,,,,
샘플링 검사,,,,,
초회검사 실시,,,,,
조인트 자동/육안 검사,,,,,
이상 발생 시 설비 정지,,,,,
가류 조건 관리 시스템,,,,,
몰드 이중검수·청소·PM,,,,,
정역가류 방지 Locking,,,,,
출하 기준·제조일 관리,,,,,
미검사품 입고 차단,,,,,
지게차·중량물 작업 관리,,,,,
,,,,,
,,,,,
검출간리,,,,,
온도계,,,,,
작업패널 및 MES 확인,,,,,
자동계량 태그바코드,,,,,
자동계량(계량측정기),,,,,
온도 센서,,,,,
"자동계량, 패널확인",,,,,
패널확인,,,,,
"태그바코드, 육안",,,,,
파워차트,,,,,
Mooney Viscometer,,,,,
Mooney Viscometer,,,,,
"건조기, 전기로, Hot&Stirrer",,,,,
전자비중계,,,,,
MILL,,,,,
DBP Meter,,,,,
건조기,,,,,
인스트롱,,,,,
해당시험기기 성적서,,,,,
온도계,,,,,
자동계량 태그바코드,,,,,
자동계량(계량측정기),,,,,
온도 센서,,,,,
"태그바코드, 패널확인",,,,,
파워차트,,,,,
패널확인,,,,,
Mooney Viscometer,,,,,
Reometer,,,,,
Specific Measure Machine,,,,,
"태그바코드 스캔, 육안/판넬 확인",,,,,
알람발생,,,,,
다이바코드 스캔 및 프로파일 확인,,,,,
"색선인식장치, 육안",,,,,
"온라인 프로파일 스캐너, 철자",,,,,
온라인 프로파일 스캐너,,,,,
온도계 및 패널확인,,,,,
"태그바코드 스캔, 육안/판넬 확인",,,,,
알람발생,,,,,
다이바코드 스캔 및 프로파일 확인,,,,,
"온라인 프로파일 스캐너, 철자",,,,,
온라인 프로파일 스캐너,,,,,
온도계 및 패널확인,,,,,
"기록지차트, 온습도계",,,,,
압력 게이지,,,,,
"태그바코드 스캔, 육안/판넬 확인",,,,,
알람발생,,,,,
접촉식 온도계,,,,,
육안,,,,,
"폭 측정장치, 줄자",,,,,
"자동두께측정기, 다이얼게이지",,,,,
"태그바코드 스캔, 육안/판넬 확인",,,,,
알람발생,,,,,
접촉식 온도계,,,,,
육안,,,,,
"폭 측정장치, 줄자",,,,,
"자동두께측정기, 다이얼게이지",,,,,
온도계,,,,,
"태그바코드 스캔, 육안/판넬 확인",,,,,
알람발생,,,,,
"육안 측정카메라, 줄자",,,,,
"자동두께측정기, 다이얼게이지",,,,,
"태그바코드 스캔, 육안/판넬 확인",,,,,
"비전카메라, 줄자",,,,,
"비전카메라, 철자[폭/대각 환산]",,,,,
Dog-ear측정 시스템,,,,,
오픈감지센서,,,,,
육안/판넬확인,,,,,
육안,,,,,
비전카메라,,,,,
철자 감지센서,,,,,
"태그바코드 스캔, 육안/철자",,,,,
"비전카메라, 줄자",,,,,
육안,,,,,
판넬확인,,,,,
"육안(코드수확인), 비전카메라",,,,,
비전카메라,,,,,
육안/판넬확인,,,,,
보빈 바코드 스캔,,,,,
육안,,,,,
육안/철자,,,,,
판넬확인,,,,,
Bead I/C Tester,,,,,
"태그바코드 스캔, 육안/판넬 확인",,,,,
압력게이지,,,,,
육안,,,,,
원주측정기,,,,,
"폭, 높이, 무게 측정기",,,,,
"육안, 판넬확인",,,,,
"태그바코드 스캔, 육안/판넬 확인",,,,,
알람발생,,,,,
철자,,,,,
육안,,,,,
전자저울,,,,,
"육안, 판넬확인",,,,,
태그바코드,,,,,
줄자,,,,,
육안,,,,,
"카메라, 줄자",,,,,
철자,,,,,
Monitoring 줄자,,,,,
BP 감지 모니터 모니터링 줄자,,,,,
계수기,,,,,
HMI 확인,,,,,
자동저울,,,,,
육안,,,,,
육안,,,,,
"육안, 판넬확인",,,,,
온도표시분필,,,,,
판넬확인,,,,,
줄자,,,,,
육안 및 촉수,,,,,
Uniformity M/C,,,,,
BALANCE Machine,,,,,
X-RAY M/C,,,,,
검사표준서 화면확인,,,,,
실내주행시험기,,,,,
Bead Unseating Test M/C,,,,,
Plunger Test M/C,,,,,
Rolling Resistance M/C,,,,,
Force&Moment M/C,,,,,
Tire Universal Tester,,,,,
"Tire Cutting M/C, CSA",,,,,
점탄성시험기,,,,,
내오존시험기,,,,,
Electric Conductivity M/C,,,,,
공기누설 시험기,,,,,
Uniformity M/C,,,,,
Planimeter,,,,,
줄자,,,,,
버니어캘리퍼스,,,,,
저울,,,,,
산업기술시험원 및 한국화학시험연구원 시험자료 근거 성적서,,,,,
현재 검출관리,,,,,
육안 확인,,,,,
AS/RS System,,,,,
LAS System,,,,,
자격인정 발행 신청서 확인,,,,,
자격인정서 발행 관리,,,,,
검교정 실적 관리(MES),,,,,
일상점검 체크시트(MES),,,,,
수입검사 추이도 모니터링,,,,,
Bulk/Tank 투입 체크시트,,,,,
원단 창고 온·습도 모니터링(MES),,,,,
창고 온·습도 관리 화면(MES),,,,,
FIFO 미준수 알람 시스템,,,,,
MES LOT Tracking,,,,,
FIFO 출고 검증 리스트,,,,,
온도 이상 알람 시스템,,,,,
실시간 온도·습도 모니터링(6개 센서),,,,,
검교정 체크시트(MES),,,,,
MES SYSTEM LOT Tracking,,,,,
개별 계량기 일상점검 시트,,,,,
검교정 실적 현황(MES),,,,,
제조설비 점검 기록표,,,,,
작업 및 이동 정지(오계량·오작동 시 자동중지 포함),,,,,
알람시스템,,,,,
밀콘실 물성시험,,,,,
투입 지연 알람,,,,,
오염관리 체크시트,,,,,
안전사고 일지,,,,,
파워차트 점검,,,,,
물성 Data 비교검출(MES),,,,,
태그바코드·ID카드 크로스점검,,,,,
방착제 비중 측정 체크시트,,,,,
적재 차단 시스템(센서 기반 자동중지),,,,,
온도 차트 확인,,,,,
육안확인,,,,,
알람시스템,,,,,
온라인 프로파일 스캐너,,,,,
제조설비 점검 기록표,,,,,
일상점검 체크시트(MES),,,,,
금속검출기,,,,,
완제품 외관검사,,,,,
X-Ray 검사,,,,,
연속중량기 측정,,,,,
압출작업 일지(MES),,,,,
성형·가류 초회 검사,,,,,
출하검사,,,,,
냉각수 관리 항목 검사,,,,,
라이너?대차 번호 매칭 관리,,,,,
Pool Proof 시스템(오규격 투입 시 자동정지),,,,,
MES System LOT Tracking,,,,,
AS/RS 시스템,,,,,
밀콘실 물성시험,,,,,
투입 지연 알람,,,,,
오염관리 체크시트,,,,,
파워차트 점검,,,,,
물성 Data 비교검출(MES),,,,,
태그바코드?ID카드 크로스점검,,,,,
방착제 비중 측정 체크시트,,,,,
적재 차단 시스템(센서 기반),,,,,
온도 차트 확인,,,,,
육안확인,,,,,
알람 시스템,,,,,
MES System 온·습도 모니터링,,,,,
MES System LOT Tracking,,,,,
AS/RS 시스템 모니터링,,,,,
제조설비 점검 기록표,,,,,
일상점검 체크시트(MES),,,,,
금속검출기 알람 시스템,,,,,
완제품 외관 검사,,,,,
X-Ray 검사,,,,,
재단공정 육안 확인,,,,,
온라인 프로파일 스캐너,,,,,
연속중량기 측정,,,,,
압연 반제품 체크시트(MES),,,,,
SPC 시스템,,,,,
버블버스터 나이프 체크시트,,,,,
점착력 측정(BP/SB 등),,,,,
원재료 일지 체크시트,,,,,
온·습도 기록 차트,,,,,
발생고무 분리(육안 확인 후),,,,,
성형·가류 초회 검사,,,,,
출하검사,,,,,
냉각수 관리 항목 검사,,,,,
Pool Proof 시스템(오규격 투입 시 자동정지),,,,,
널링 갭 체크시트,,,,,
자동두께·전폭 측정 카메라(MES Data),,,,,
점착력 검사결과(MES),,,,,
칼렌더 작업일지(MES),,,,,
알람시스템(경고메시지),,,,,
작업 및 설비 중지,,,,,
제조설비 점검 기록표,,,,,
일상점검 체크시트(MES),,,,,
HBC 작업일보(MES),,,,,
MHBC 작업일보(MES),,,,,
BP 품질점검 체크시트(MES),,,,,
SB 품질점검 체크시트(MES),,,,,
미니슬리터 체크시트(MES),,,,,
미니슬리터 작업일보(MES),,,,,
나이프 교체 체크시트,,,,,
나이프 체크시트,,,,,
외관검사,,,,,
X-ray 검사,,,,,
육안확인,,,,,
개공율 점검 체크시트,,,,,
성형기 오규격 자동정지(풀프루프),,,,,
연속중량기 측정,,,,,
온라인 프로파일 스캐너,,,,,
압출 작업일보(MES),,,,,
BP 점착력 측정,,,,,
SB 점착력 측정,,,,,
발생고무 분리(육안 후 별도 처리),,,,,
재단공정 육안확인,,,,,
제조설비 Actual Data 현황(MES),,,,,
비드 작업일보(MES),,,,,
직경 Tool 상이 발생 시 설비 정지,,,,,
압력게이지 육안 확인,,,,,
제조설비 점검 기록표(MES PM 실적 포함),,,,,
알람시스템,,,,,
완제품 외관 검사,,,,,
X-ray 검사,,,,,
일상점검 체크시트(MES),,,,,
다이 Tool 기준정보 관리(MES),,,,,
Bead Wire 체크시트(MES),,,,,
비드와이어 중량 측정,,,,,
TCU 온도 이상 알람,,,,,
부착 이상 시 설비 정지,,,,,
Bead Filler 체크시트(MES),,,,,
나이프 체크시트,,,,,
검교정 실적 관리(MES),,,,,
성형공정 G/T 중량 측정기,,,,,
성형 오규격 발생 시 설비 정지,,,,,
SWI 체크시트(MES),,,,,
검출방법(표준 통합본),,,,,
오규격 알람 시스템(설비 정지),,,,,
에이징 경과 NMP 화면 알람,,,,,
작업지침서 확인 및 D/C 체크시트,,,,,
레이저 가이딩 시스템,,,,,
Green Tire 외관 검사,,,,,
PA·BP·SB·TR 전폭/길이 스펙아웃 시 설비 정지,,,,,
작업자 줄자 이용 센터링 수동 측정,,,,,
제조설비 점검 기록표(MES_PM 작업일지),,,,,
G/T 외관 검사,,,,,
초회검사(성형·가류),,,,,
한도견본 비교 검사,,,,,
G/T 중량 측정,,,,,
BP·SB·TR 조인트 스펙아웃 시 설비 정지,,,,,
Capply 공급기 이상 시 설비 정지,,,,,
Capply 와인딩 이상 시 설비 정지,,,,,
D/C 체크시트 운영,,,,,
검교정 체크시트(MES),,,,,
G/T 중량 Actual 관리(MES),,,,,
GIP 설비·도포 중지(오류 시 즉시 정지),,,,,
일상점검 체크시트[MES],,,,,
완제품 외관검사 및 불량경고장 발행,,,,,
가류작업일지,,,,,
가류 LINE 육안 확인,,,,,
제조설비점검 기록표,,,,,
몰드 전·후 체크시트(Paper),,,,,
금형 파트 업무일지[MES],,,,,
초회검사 시트[MES],,,,,
U/F 검사 실적[MES],,,,,
작업자 언로딩 상태 육안 확인,,,,,
가류기 판넬 디스플레이(투입 신고 확인),,,,,
브라다 반품·반출 체크리스트(Paper),,,,,
설비 비가동 지연사유 확인[MES],,,,,
브라다 사용횟수 알람 시스템,,,,,
브라다 사용실적 현황[MES],,,,,
알람 시스템(경고·메시지),,,,,
설비 자동정지 기능,,,,,
알람 히스토리 및 레코드 차트,,,,,
설비 Actual Data 현황[MES],,,,,
초회검사 기록지,,,,,
몰드 검수결과 보고서,,,,,
몰드 조립 전·후 체크시트,,,,,
가류 후 육안 확인 및 완제품 외관검사,,,,,
금형 작업일지[MES],,,,,
육안 점검(수작업),,,,,
PCR룸 일상점검(Paper),,,,,
완제품 외관검사,,,,,
일상점검 체크시트,,,,,
LOT 출고보류 및 품질 재확인 검사,,,,,
비파괴검사,,,,,
Barcode 추적 시스템,,,,,
알람시스템 및 설비 자동정지,,,,,
MES U/F 실적 데이터 검증,,,,,
X-ray 검사 이미지(MES),,,,,
S/G 검사 이미지,,,,,
MES 출하검사 실적조회,,,,,
